timestamp,symbol,price,bid,ask,volume,spread,imbalance,metadata
1777778986.077281,^NSEI,100.32471707975444,,,,,,"{'source': 'synthetic', 'sequence': 0}"
1777778987.077856,^NSEI,99.3014209109102,,,,,,"{'source': 'synthetic', 'sequence': 1}"
1777778988.078225,^NSEI,100.0664898957711,,,,,,"{'source': 'synthetic', 'sequence': 2}"
1777778989.078583,^NSEI,101.02769329064105,,,,,,"{'source': 'synthetic', 'sequence': 3}"
1777778990.078901,^NSEI,99.0768129829135,,,,,,"{'source': 'synthetic', 'sequence': 4}"
1777778991.07924,^NSEI,97.80647039079427,,,,,,"{'source': 'synthetic', 'sequence': 5}"
1777778992.079587,^NSEI,97.95106787094372,,,,,,"{'source': 'synthetic', 'sequence': 6}"
1777778993.079868,^NSEI,97.6608950882546,,,,,,"{'source': 'synthetic', 'sequence': 7}"
1777778994.080199,^NSEI,97.66401910646837,,,,,,"{'source': 'synthetic', 'sequence': 8}"
1777778995.080495,^NSEI,96.85043492587764,,,,,,"{'source': 'synthetic', 'sequence': 9}"
1777778996.080761,^NSEI,97.72150577624681,,,,,,"{'source': 'synthetic', 'sequence': 10}"
1777778997.08104,^NSEI,98.50112006850945,,,,,,"{'source': 'synthetic', 'sequence': 11}"
1777778998.081317,^NSEI,98.58586126921,,,,,,"{'source': 'synthetic', 'sequence': 12}"
1777778999.081593,^NSEI,99.71687889393472,,,,,,"{'source': 'synthetic', 'sequence': 13}"
1777779000.081859,^NSEI,100.2030079943448,,,,,,"{'source': 'synthetic', 'sequence': 14}"
1777779001.082143,^NSEI,99.36201170066597,,,,,,"{'source': 'synthetic', 'sequence': 15}"
1777779002.082421,^NSEI,99.74828230023245,,,,,,"{'source': 'synthetic', 'sequence': 16}"
1777779003.082716,^NSEI,98.81176303308978,,,,,,"{'source': 'synthetic', 'sequence': 17}"
1777779004.083,^NSEI,99.69953761578759,,,,,,"{'source': 'synthetic', 'sequence': 18}"
1777779005.083268,^NSEI,99.66970162090699,,,,,,"{'source': 'synthetic', 'sequence': 19}"
1777779006.083562,^NSEI,99.50538379507626,,,,,,"{'source': 'synthetic', 'sequence': 20}"
1777779007.083834,^NSEI,98.84772331530206,,,,,,"{'source': 'synthetic', 'sequence': 21}"
1777779008.084117,^NSEI,100.07594713983282,,,,,,"{'source': 'synthetic', 'sequence': 22}"
1777779009.084397,^NSEI,99.94131548647016,,,,,,"{'source': 'synthetic', 'sequence': 23}"
1777779010.084672,^NSEI,99.53322728950309,,,,,,"{'source': 'synthetic', 'sequence': 24}"
1777779011.084973,^NSEI,99.20264404779094,,,,,,"{'source': 'synthetic', 'sequence': 25}"
1777779012.085277,^NSEI,99.75054936317869,,,,,,"{'source': 'synthetic', 'sequence': 26}"
1777779013.085589,^NSEI,100.13503193486962,,,,,,"{'source': 'synthetic', 'sequence': 27}"
1777779014.085905,^NSEI,100.56834887368386,,,,,,"{'source': 'synthetic', 'sequence': 28}"
1777779015.08621,^NSEI,101.02173211278468,,,,,,"{'source': 'synthetic', 'sequence': 29}"
1777779016.086516,^NSEI,103.20546596135846,,,,,,"{'source': 'synthetic', 'sequence': 30}"
1777779017.086835,^NSEI,102.80666454315406,,,,,,"{'source': 'synthetic', 'sequence': 31}"
1777779018.087145,^NSEI,102.30060621193941,,,,,,"{'source': 'synthetic', 'sequence': 32}"
1777779019.08742,^NSEI,101.48857189899678,,,,,,"{'source': 'synthetic', 'sequence': 33}"
1777779020.087701,^NSEI,102.13401833254014,,,,,,"{'source': 'synthetic', 'sequence': 34}"
1777779021.08799,^NSEI,103.30750990462349,,,,,,"{'source': 'synthetic', 'sequence': 35}"
1777779022.088264,^NSEI,103.21045512550154,,,,,,"{'source': 'synthetic', 'sequence': 36}"
1777779023.088714,^NSEI,102.36396789288723,,,,,,"{'source': 'synthetic', 'sequence': 37}"
1777779024.089078,^NSEI,101.54046899955274,,,,,,"{'source': 'synthetic', 'sequence': 38}"
1777779025.089466,^NSEI,102.22139206138714,,,,,,"{'source': 'synthetic', 'sequence': 39}"
1777779026.089758,^NSEI,103.0016011001579,,,,,,"{'source': 'synthetic', 'sequence': 40}"
1777779027.090059,^NSEI,103.58165901317614,,,,,,"{'source': 'synthetic', 'sequence': 41}"
1777779028.090344,^NSEI,102.9130293492754,,,,,,"{'source': 'synthetic', 'sequence': 42}"
1777779029.090634,^NSEI,103.17253620569058,,,,,,"{'source': 'synthetic', 'sequence': 43}"
1777779030.090915,^NSEI,103.31355842161433,,,,,,"{'source': 'synthetic', 'sequence': 44}"
1777779031.09132,^NSEI,103.5601561044417,,,,,,"{'source': 'synthetic', 'sequence': 45}"
1777779032.091838,^NSEI,104.48332113844477,,,,,,"{'source': 'synthetic', 'sequence': 46}"
1777779033.092283,^NSEI,104.73783785794998,,,,,,"{'source': 'synthetic', 'sequence': 47}"
1777779034.092675,^NSEI,105.46986481240745,,,,,,"{'source': 'synthetic', 'sequence': 48}"
1777779035.093058,^NSEI,105.56223433860134,,,,,,"{'source': 'synthetic', 'sequence': 49}"
1777779036.093452,^NSEI,105.88854768263253,,,,,,"{'source': 'synthetic', 'sequence': 50}"
1777779037.093772,^NSEI,106.57818732620093,,,,,,"{'source': 'synthetic', 'sequence': 51}"
1777779038.09409,^NSEI,105.04649270434577,,,,,,"{'source': 'synthetic', 'sequence': 52}"
1777779039.094371,^NSEI,104.73169860191797,,,,,,"{'source': 'synthetic', 'sequence': 53}"
1777779040.094653,^NSEI,104.26001567103857,,,,,,"{'source': 'synthetic', 'sequence': 54}"
1777779041.094938,^NSEI,103.61477352947549,,,,,,"{'source': 'synthetic', 'sequence': 55}"
1777779042.095239,^NSEI,103.35040846368895,,,,,,"{'source': 'synthetic', 'sequence': 56}"
1777779043.095534,^NSEI,104.91610649683487,,,,,,"{'source': 'synthetic', 'sequence': 57}"
1777779044.095841,^NSEI,104.02869342271079,,,,,,"{'source': 'synthetic', 'sequence': 58}"
1777779045.09618,^NSEI,105.05678648237176,,,,,,"{'source': 'synthetic', 'sequence': 59}"
1777779046.096474,^NSEI,103.30982893692544,,,,,,"{'source': 'synthetic', 'sequence': 60}"
1777779047.096755,^NSEI,102.98452175109915,,,,,,"{'source': 'synthetic', 'sequence': 61}"
1777779048.097083,^NSEI,103.17272912118301,,,,,,"{'source': 'synthetic', 'sequence': 62}"
1777779049.097369,^NSEI,103.79818524498843,,,,,,"{'source': 'synthetic', 'sequence': 63}"
1777779050.097652,^NSEI,104.55718516484241,,,,,,"{'source': 'synthetic', 'sequence': 64}"
1777779051.097939,^NSEI,105.40759813958351,,,,,,"{'source': 'synthetic', 'sequence': 65}"
1777779052.09824,^NSEI,105.06109693644383,,,,,,"{'source': 'synthetic', 'sequence': 66}"
1777779053.098543,^NSEI,104.59635729075242,,,,,,"{'source': 'synthetic', 'sequence': 67}"
1777779054.098834,^NSEI,105.51468808043879,,,,,,"{'source': 'synthetic', 'sequence': 68}"
1777779055.09913,^NSEI,105.33393685637165,,,,,,"{'source': 'synthetic', 'sequence': 69}"
1777779056.099415,^NSEI,104.01127301743279,,,,,,"{'source': 'synthetic', 'sequence': 70}"
1777779057.099696,^NSEI,102.85332881380745,,,,,,"{'source': 'synthetic', 'sequence': 71}"
1777779058.10005,^NSEI,101.92821219656291,,,,,,"{'source': 'synthetic', 'sequence': 72}"
1777779059.100362,^NSEI,102.45534489715936,,,,,,"{'source': 'synthetic', 'sequence': 73}"
1777779060.100655,^NSEI,102.62175874525222,,,,,,"{'source': 'synthetic', 'sequence': 74}"
1777779061.100943,^NSEI,103.350871311224,,,,,,"{'source': 'synthetic', 'sequence': 75}"
1777779062.101241,^NSEI,102.92997215279718,,,,,,"{'source': 'synthetic', 'sequence': 76}"
1777779063.101535,^NSEI,103.11374300710412,,,,,,"{'source': 'synthetic', 'sequence': 77}"
1777779064.101821,^NSEI,103.77943542681815,,,,,,"{'source': 'synthetic', 'sequence': 78}"
1777779065.102165,^NSEI,103.47915322146946,,,,,,"{'source': 'synthetic', 'sequence': 79}"
1777779066.102492,^NSEI,103.97251620006351,,,,,,"{'source': 'synthetic', 'sequence': 80}"
1777779067.102809,^NSEI,103.30508964699557,,,,,,"{'source': 'synthetic', 'sequence': 81}"
1777779068.103123,^NSEI,102.95069756326406,,,,,,"{'source': 'synthetic', 'sequence': 82}"
1777779069.103466,^NSEI,102.57828587804212,,,,,,"{'source': 'synthetic', 'sequence': 83}"
1777779070.103784,^NSEI,101.37212972492244,,,,,,"{'source': 'synthetic', 'sequence': 84}"
1777779071.104086,^NSEI,101.88605852581405,,,,,,"{'source': 'synthetic', 'sequence': 85}"
1777779072.104384,^NSEI,101.42818019445873,,,,,,"{'source': 'synthetic', 'sequence': 86}"
1777779073.104675,^NSEI,101.46113838775445,,,,,,"{'source': 'synthetic', 'sequence': 87}"
1777779074.104985,^NSEI,101.96920164831903,,,,,,"{'source': 'synthetic', 'sequence': 88}"
1777779075.10528,^NSEI,102.44491976395729,,,,,,"{'source': 'synthetic', 'sequence': 89}"
1777779076.105582,^NSEI,103.14706198891857,,,,,,"{'source': 'synthetic', 'sequence': 90}"
1777779077.105906,^NSEI,103.06610651755932,,,,,,"{'source': 'synthetic', 'sequence': 91}"
1777779078.106262,^NSEI,102.65044264968438,,,,,,"{'source': 'synthetic', 'sequence': 92}"
1777779079.106565,^NSEI,102.58914164184648,,,,,,"{'source': 'synthetic', 'sequence': 93}"
1777779080.106871,^NSEI,100.87863755775,,,,,,"{'source': 'synthetic', 'sequence': 94}"
1777779081.107207,^NSEI,99.43898593915287,,,,,,"{'source': 'synthetic', 'sequence': 95}"
1777779082.107551,^NSEI,98.14359465479437,,,,,,"{'source': 'synthetic', 'sequence': 96}"
1777779083.108193,^NSEI,97.18448948953633,,,,,,"{'source': 'synthetic', 'sequence': 97}"
1777779084.108647,^NSEI,97.59244492878615,,,,,,"{'source': 'synthetic', 'sequence': 98}"
1777779085.108996,^NSEI,96.72828426932794,,,,,,"{'source': 'synthetic', 'sequence': 99}"
1777779086.109308,^NSEI,96.38183977591044,,,,,,"{'source': 'synthetic', 'sequence': 100}"
1777779087.109726,^NSEI,97.65333628016107,,,,,,"{'source': 'synthetic', 'sequence': 101}"
1777779088.110122,^NSEI,97.32496329371143,,,,,,"{'source': 'synthetic', 'sequence': 102}"
1777779089.110466,^NSEI,98.06221504266617,,,,,,"{'source': 'synthetic', 'sequence': 103}"
1777779090.110793,^NSEI,97.16630130862706,,,,,,"{'source': 'synthetic', 'sequence': 104}"
1777779091.111122,^NSEI,96.98611849241003,,,,,,"{'source': 'synthetic', 'sequence': 105}"
1777779092.111435,^NSEI,96.08412620022891,,,,,,"{'source': 'synthetic', 'sequence': 106}"
1777779093.111734,^NSEI,95.77758605696013,,,,,,"{'source': 'synthetic', 'sequence': 107}"
1777779094.112066,^NSEI,96.60156842366841,,,,,,"{'source': 'synthetic', 'sequence': 108}"
1777779095.112374,^NSEI,94.95227011684699,,,,,,"{'source': 'synthetic', 'sequence': 109}"
1777779096.112672,^NSEI,95.38375568234147,,,,,,"{'source': 'synthetic', 'sequence': 110}"
1777779097.113003,^NSEI,95.62959357957651,,,,,,"{'source': 'synthetic', 'sequence': 111}"
1777779098.113359,^NSEI,95.08053631040634,,,,,,"{'source': 'synthetic', 'sequence': 112}"
1777779099.113657,^NSEI,93.72463285435713,,,,,,"{'source': 'synthetic', 'sequence': 113}"
1777779100.113983,^NSEI,93.81098089721247,,,,,,"{'source': 'synthetic', 'sequence': 114}"
1777779101.11429,^NSEI,93.33302078923994,,,,,,"{'source': 'synthetic', 'sequence': 115}"
1777779102.114582,^NSEI,93.56885113011307,,,,,,"{'source': 'synthetic', 'sequence': 116}"
1777779103.11488,^NSEI,93.60801170185266,,,,,,"{'source': 'synthetic', 'sequence': 117}"
1777779104.115191,^NSEI,95.12612667621852,,,,,,"{'source': 'synthetic', 'sequence': 118}"
1777779105.115492,^NSEI,94.91746216415712,,,,,,"{'source': 'synthetic', 'sequence': 119}"
1777779106.115799,^NSEI,93.9649678112795,,,,,,"{'source': 'synthetic', 'sequence': 120}"
1777779107.116122,^NSEI,94.15221709752193,,,,,,"{'source': 'synthetic', 'sequence': 121}"
1777779108.116442,^NSEI,94.37817929644187,,,,,,"{'source': 'synthetic', 'sequence': 122}"
1777779109.116737,^NSEI,95.67983141903653,,,,,,"{'source': 'synthetic', 'sequence': 123}"
1777779110.117047,^NSEI,96.49800041757283,,,,,,"{'source': 'synthetic', 'sequence': 124}"
1777779111.117358,^NSEI,96.86167345380464,,,,,,"{'source': 'synthetic', 'sequence': 125}"
1777779112.117656,^NSEI,98.29842545662858,,,,,,"{'source': 'synthetic', 'sequence': 126}"
1777779113.118026,^NSEI,97.14954977691042,,,,,,"{'source': 'synthetic', 'sequence': 127}"
1777779114.118366,^NSEI,96.54746395310853,,,,,,"{'source': 'synthetic', 'sequence': 128}"
1777779115.118694,^NSEI,95.67218787287247,,,,,,"{'source': 'synthetic', 'sequence': 129}"
1777779116.119024,^NSEI,95.31838274322499,,,,,,"{'source': 'synthetic', 'sequence': 130}"
1777779117.119381,^NSEI,94.02521144847296,,,,,,"{'source': 'synthetic', 'sequence': 131}"
1777779118.1197,^NSEI,94.64121851152188,,,,,,"{'source': 'synthetic', 'sequence': 132}"
1777779119.120015,^NSEI,94.44983248688074,,,,,,"{'source': 'synthetic', 'sequence': 133}"
1777779120.120338,^NSEI,93.07954837201385,,,,,,"{'source': 'synthetic', 'sequence': 134}"
1777779121.120648,^NSEI,92.15286785953963,,,,,,"{'source': 'synthetic', 'sequence': 135}"
1777779122.120952,^NSEI,92.46021043467367,,,,,,"{'source': 'synthetic', 'sequence': 136}"
1777779123.121272,^NSEI,93.25363606514466,,,,,,"{'source': 'synthetic', 'sequence': 137}"
1777779124.121574,^NSEI,95.13431095129627,,,,,,"{'source': 'synthetic', 'sequence': 138}"
1777779125.121878,^NSEI,97.92542079259105,,,,,,"{'source': 'synthetic', 'sequence': 139}"
1777779126.12222,^NSEI,98.35081805808929,,,,,,"{'source': 'synthetic', 'sequence': 140}"
1777779127.122549,^NSEI,97.39726938565293,,,,,,"{'source': 'synthetic', 'sequence': 141}"
1777779128.122886,^NSEI,95.3401939800594,,,,,,"{'source': 'synthetic', 'sequence': 142}"
1777779129.123224,^NSEI,95.61449864636087,,,,,,"{'source': 'synthetic', 'sequence': 143}"
1777779130.123524,^NSEI,94.85633199351894,,,,,,"{'source': 'synthetic', 'sequence': 144}"
1777779131.123867,^NSEI,94.48131059824242,,,,,,"{'source': 'synthetic', 'sequence': 145}"
1777779132.124202,^NSEI,93.92188978248048,,,,,,"{'source': 'synthetic', 'sequence': 146}"
1777779133.124509,^NSEI,93.80844069927319,,,,,,"{'source': 'synthetic', 'sequence': 147}"
1777779134.124994,^NSEI,94.82718182007746,,,,,,"{'source': 'synthetic', 'sequence': 148}"
1777779135.12554,^NSEI,94.99507198703868,,,,,,"{'source': 'synthetic', 'sequence': 149}"
1777779136.125932,^NSEI,94.86337572379468,,,,,,"{'source': 'synthetic', 'sequence': 150}"
1777779137.126389,^NSEI,93.89989228819871,,,,,,"{'source': 'synthetic', 'sequence': 151}"
1777779138.126751,^NSEI,92.34614678541013,,,,,,"{'source': 'synthetic', 'sequence': 152}"
1777779139.127129,^NSEI,91.91552939922529,,,,,,"{'source': 'synthetic', 'sequence': 153}"
1777779140.127457,^NSEI,91.88447798879608,,,,,,"{'source': 'synthetic', 'sequence': 154}"
1777779141.127822,^NSEI,93.52730805669448,,,,,,"{'source': 'synthetic', 'sequence': 155}"
1777779142.128138,^NSEI,93.66785577132316,,,,,,"{'source': 'synthetic', 'sequence': 156}"
1777779143.128449,^NSEI,94.6071003702703,,,,,,"{'source': 'synthetic', 'sequence': 157}"
1777779144.128757,^NSEI,94.15365270229007,,,,,,"{'source': 'synthetic', 'sequence': 158}"
1777779145.129075,^NSEI,93.0568155942808,,,,,,"{'source': 'synthetic', 'sequence': 159}"
1777779146.129391,^NSEI,92.1773200316996,,,,,,"{'source': 'synthetic', 'sequence': 160}"
1777779147.129719,^NSEI,91.52726154524551,,,,,,"{'source': 'synthetic', 'sequence': 161}"
1777779148.13007,^NSEI,93.49369705647187,,,,,,"{'source': 'synthetic', 'sequence': 162}"
1777779149.130377,^NSEI,92.74445102234691,,,,,,"{'source': 'synthetic', 'sequence': 163}"
1777779150.130689,^NSEI,93.5406521214383,,,,,,"{'source': 'synthetic', 'sequence': 164}"
1777779151.131012,^NSEI,92.71475628129828,,,,,,"{'source': 'synthetic', 'sequence': 165}"
1777779152.131337,^NSEI,93.59700488102325,,,,,,"{'source': 'synthetic', 'sequence': 166}"
1777779153.131651,^NSEI,93.97602685653511,,,,,,"{'source': 'synthetic', 'sequence': 167}"
1777779154.131968,^NSEI,93.84761998913575,,,,,,"{'source': 'synthetic', 'sequence': 168}"
1777779155.132285,^NSEI,93.82813485250803,,,,,,"{'source': 'synthetic', 'sequence': 169}"
1777779156.132592,^NSEI,93.23252539761341,,,,,,"{'source': 'synthetic', 'sequence': 170}"
1777779157.132922,^NSEI,93.6670562812314,,,,,,"{'source': 'synthetic', 'sequence': 171}"
1777779158.133246,^NSEI,93.25962005988654,,,,,,"{'source': 'synthetic', 'sequence': 172}"
1777779159.13356,^NSEI,92.13527670517712,,,,,,"{'source': 'synthetic', 'sequence': 173}"
1777779160.133877,^NSEI,90.97627244029934,,,,,,"{'source': 'synthetic', 'sequence': 174}"
1777779161.134193,^NSEI,91.15148174901331,,,,,,"{'source': 'synthetic', 'sequence': 175}"
1777779162.134506,^NSEI,92.60907712375035,,,,,,"{'source': 'synthetic', 'sequence': 176}"
1777779163.134839,^NSEI,92.77576569598087,,,,,,"{'source': 'synthetic', 'sequence': 177}"
1777779164.135223,^NSEI,92.68425323366273,,,,,,"{'source': 'synthetic', 'sequence': 178}"
1777779165.135575,^NSEI,92.9677059073467,,,,,,"{'source': 'synthetic', 'sequence': 179}"
1777779166.13591,^NSEI,94.200459306903,,,,,,"{'source': 'synthetic', 'sequence': 180}"
1777779167.136273,^NSEI,94.42595872268811,,,,,,"{'source': 'synthetic', 'sequence': 181}"
1777779168.136626,^NSEI,94.0568219370653,,,,,,"{'source': 'synthetic', 'sequence': 182}"
1777779169.137068,^NSEI,95.1161733035836,,,,,,"{'source': 'synthetic', 'sequence': 183}"
1777779170.137419,^NSEI,95.54301325530173,,,,,,"{'source': 'synthetic', 'sequence': 184}"
1777779171.137754,^NSEI,97.02942940895461,,,,,,"{'source': 'synthetic', 'sequence': 185}"
1777779172.138116,^NSEI,97.22662662375352,,,,,,"{'source': 'synthetic', 'sequence': 186}"
1777779173.138458,^NSEI,96.05556201548389,,,,,,"{'source': 'synthetic', 'sequence': 187}"
1777779174.138803,^NSEI,94.76058011978502,,,,,,"{'source': 'synthetic', 'sequence': 188}"
1777779175.139184,^NSEI,96.34396112175088,,,,,,"{'source': 'synthetic', 'sequence': 189}"
1777779176.139565,^NSEI,98.02387774587564,,,,,,"{'source': 'synthetic', 'sequence': 190}"
1777779177.139913,^NSEI,97.86751082726632,,,,,,"{'source': 'synthetic', 'sequence': 191}"
1777779178.140272,^NSEI,97.5120684364303,,,,,,"{'source': 'synthetic', 'sequence': 192}"
1777779179.140598,^NSEI,98.9566554085291,,,,,,"{'source': 'synthetic', 'sequence': 193}"
1777779180.140931,^NSEI,97.88095135881603,,,,,,"{'source': 'synthetic', 'sequence': 194}"
1777779181.14155,^NSEI,97.02476023086946,,,,,,"{'source': 'synthetic', 'sequence': 195}"
1777779182.142093,^NSEI,97.66835146296361,,,,,,"{'source': 'synthetic', 'sequence': 196}"
1777779183.142531,^NSEI,97.30248081497083,,,,,,"{'source': 'synthetic', 'sequence': 197}"
1777779184.142899,^NSEI,97.31695760775118,,,,,,"{'source': 'synthetic', 'sequence': 198}"
1777779185.143367,^NSEI,97.17736334300274,,,,,,"{'source': 'synthetic', 'sequence': 199}"
1777779186.143706,^NSEI,97.5248448615112,,,,,,"{'source': 'synthetic', 'sequence': 200}"
1777779187.144081,^NSEI,98.91699433218362,,,,,,"{'source': 'synthetic', 'sequence': 201}"
1777779188.144433,^NSEI,99.02638159827588,,,,,,"{'source': 'synthetic', 'sequence': 202}"
1777779189.144757,^NSEI,99.6838561612852,,,,,,"{'source': 'synthetic', 'sequence': 203}"
1777779190.145092,^NSEI,97.6601023242669,,,,,,"{'source': 'synthetic', 'sequence': 204}"
1777779191.145422,^NSEI,97.63205590355605,,,,,,"{'source': 'synthetic', 'sequence': 205}"
1777779192.145747,^NSEI,96.82831926584872,,,,,,"{'source': 'synthetic', 'sequence': 206}"
1777779193.146091,^NSEI,95.66752872830104,,,,,,"{'source': 'synthetic', 'sequence': 207}"
1777779194.14643,^NSEI,94.84655556613687,,,,,,"{'source': 'synthetic', 'sequence': 208}"
1777779195.146755,^NSEI,94.54862030240632,,,,,,"{'source': 'synthetic', 'sequence': 209}"
1777779196.147094,^NSEI,95.43350324357907,,,,,,"{'source': 'synthetic', 'sequence': 210}"
1777779197.147427,^NSEI,94.18676690692119,,,,,,"{'source': 'synthetic', 'sequence': 211}"
1777779198.147757,^NSEI,94.23445507283259,,,,,,"{'source': 'synthetic', 'sequence': 212}"
1777779199.148138,^NSEI,93.79704753671604,,,,,,"{'source': 'synthetic', 'sequence': 213}"
1777779200.148467,^NSEI,93.50845925813967,,,,,,"{'source': 'synthetic', 'sequence': 214}"
1777779201.1488,^NSEI,94.46482434252407,,,,,,"{'source': 'synthetic', 'sequence': 215}"
1777779202.14917,^NSEI,94.99204710971834,,,,,,"{'source': 'synthetic', 'sequence': 216}"
1777779203.149489,^NSEI,96.28146735940679,,,,,,"{'source': 'synthetic', 'sequence': 217}"
1777779204.149824,^NSEI,96.15196331774325,,,,,,"{'source': 'synthetic', 'sequence': 218}"
1777779205.150161,^NSEI,95.50203122572064,,,,,,"{'source': 'synthetic', 'sequence': 219}"
1777779206.150487,^NSEI,95.30734191476705,,,,,,"{'source': 'synthetic', 'sequence': 220}"
1777779207.150814,^NSEI,95.5575206291392,,,,,,"{'source': 'synthetic', 'sequence': 221}"
1777779208.151163,^NSEI,95.745361256695,,,,,,"{'source': 'synthetic', 'sequence': 222}"
1777779209.151496,^NSEI,94.726259051762,,,,,,"{'source': 'synthetic', 'sequence': 223}"
1777779210.151887,^NSEI,94.83092188853254,,,,,,"{'source': 'synthetic', 'sequence': 224}"
1777779211.152252,^NSEI,95.06631910239179,,,,,,"{'source': 'synthetic', 'sequence': 225}"
1777779212.152601,^NSEI,97.47860226805413,,,,,,"{'source': 'synthetic', 'sequence': 226}"
1777779213.152932,^NSEI,99.32761988232842,,,,,,"{'source': 'synthetic', 'sequence': 227}"
1777779214.153317,^NSEI,98.49997909439058,,,,,,"{'source': 'synthetic', 'sequence': 228}"
1777779215.153699,^NSEI,98.23660653916276,,,,,,"{'source': 'synthetic', 'sequence': 229}"
1777779216.154084,^NSEI,96.81861809919714,,,,,,"{'source': 'synthetic', 'sequence': 230}"
1777779217.154421,^NSEI,96.26606745488249,,,,,,"{'source': 'synthetic', 'sequence': 231}"
1777779218.154751,^NSEI,96.58914119402073,,,,,,"{'source': 'synthetic', 'sequence': 232}"
1777779219.155099,^NSEI,97.77318267873247,,,,,,"{'source': 'synthetic', 'sequence': 233}"
1777779220.15546,^NSEI,97.07988884271005,,,,,,"{'source': 'synthetic', 'sequence': 234}"
1777779221.155814,^NSEI,96.46426018359223,,,,,,"{'source': 'synthetic', 'sequence': 235}"
1777779222.15621,^NSEI,94.41218655908811,,,,,,"{'source': 'synthetic', 'sequence': 236}"
1777779223.156552,^NSEI,94.27749254402701,,,,,,"{'source': 'synthetic', 'sequence': 237}"
1777779224.15688,^NSEI,93.29473037460825,,,,,,"{'source': 'synthetic', 'sequence': 238}"
1777779225.157231,^NSEI,92.81945023442512,,,,,,"{'source': 'synthetic', 'sequence': 239}"
1777779226.157623,^NSEI,92.02411677085554,,,,,,"{'source': 'synthetic', 'sequence': 240}"
1777779227.158273,^NSEI,91.95577731121315,,,,,,"{'source': 'synthetic', 'sequence': 241}"
1777779228.158831,^NSEI,90.35783566138352,,,,,,"{'source': 'synthetic', 'sequence': 242}"
1777779229.159232,^NSEI,89.05031689660727,,,,,,"{'source': 'synthetic', 'sequence': 243}"
1777779230.159634,^NSEI,90.96422826075965,,,,,,"{'source': 'synthetic', 'sequence': 244}"
1777779231.16004,^NSEI,89.81132709090113,,,,,,"{'source': 'synthetic', 'sequence': 245}"
1777779232.160496,^NSEI,88.84425167296757,,,,,,"{'source': 'synthetic', 'sequence': 246}"
1777779233.1609,^NSEI,90.49401260141875,,,,,,"{'source': 'synthetic', 'sequence': 247}"
1777779234.161292,^NSEI,93.14102325415112,,,,,,"{'source': 'synthetic', 'sequence': 248}"
1777779235.161625,^NSEI,92.06844231260986,,,,,,"{'source': 'synthetic', 'sequence': 249}"
1777779236.161977,^NSEI,91.74781492272521,,,,,,"{'source': 'synthetic', 'sequence': 250}"
1777779237.16234,^NSEI,92.07953424044494,,,,,,"{'source': 'synthetic', 'sequence': 251}"
1777779238.162699,^NSEI,93.68972688668724,,,,,,"{'source': 'synthetic', 'sequence': 252}"
1777779239.16305,^NSEI,92.78388113052321,,,,,,"{'source': 'synthetic', 'sequence': 253}"
1777779240.163428,^NSEI,92.57485960173088,,,,,,"{'source': 'synthetic', 'sequence': 254}"
1777779241.163772,^NSEI,93.31299374332188,,,,,,"{'source': 'synthetic', 'sequence': 255}"
1777779242.164133,^NSEI,93.73734958193567,,,,,,"{'source': 'synthetic', 'sequence': 256}"
1777779243.164487,^NSEI,93.40349832038943,,,,,,"{'source': 'synthetic', 'sequence': 257}"
1777779244.164834,^NSEI,93.29718368963947,,,,,,"{'source': 'synthetic', 'sequence': 258}"
1777779245.165184,^NSEI,92.0331040585013,,,,,,"{'source': 'synthetic', 'sequence': 259}"
1777779246.165514,^NSEI,91.83231198968076,,,,,,"{'source': 'synthetic', 'sequence': 260}"
1777779247.16584,^NSEI,91.60604866115219,,,,,,"{'source': 'synthetic', 'sequence': 261}"
1777779248.16621,^NSEI,91.83705153295199,,,,,,"{'source': 'synthetic', 'sequence': 262}"
1777779249.166557,^NSEI,91.34542279913525,,,,,,"{'source': 'synthetic', 'sequence': 263}"
1777779250.166902,^NSEI,91.79442074077473,,,,,,"{'source': 'synthetic', 'sequence': 264}"
1777779251.167263,^NSEI,92.7423962436408,,,,,,"{'source': 'synthetic', 'sequence': 265}"
1777779252.167608,^NSEI,92.90509360583465,,,,,,"{'source': 'synthetic', 'sequence': 266}"
1777779253.167947,^NSEI,93.2504742450436,,,,,,"{'source': 'synthetic', 'sequence': 267}"
1777779254.168361,^NSEI,93.31869195359556,,,,,,"{'source': 'synthetic', 'sequence': 268}"
1777779255.168755,^NSEI,93.3374344465153,,,,,,"{'source': 'synthetic', 'sequence': 269}"
1777779256.169155,^NSEI,92.68261817685298,,,,,,"{'source': 'synthetic', 'sequence': 270}"
1777779257.169579,^NSEI,92.99448986858667,,,,,,"{'source': 'synthetic', 'sequence': 271}"
1777779258.169951,^NSEI,92.92261759065526,,,,,,"{'source': 'synthetic', 'sequence': 272}"
1777779259.170383,^NSEI,94.88622889740977,,,,,,"{'source': 'synthetic', 'sequence': 273}"
1777779260.170735,^NSEI,96.39810327732053,,,,,,"{'source': 'synthetic', 'sequence': 274}"
1777779261.171112,^NSEI,96.7893316562014,,,,,,"{'source': 'synthetic', 'sequence': 275}"
1777779262.171483,^NSEI,96.07013154911462,,,,,,"{'source': 'synthetic', 'sequence': 276}"
1777779263.17182,^NSEI,95.02065041092253,,,,,,"{'source': 'synthetic', 'sequence': 277}"
1777779264.172189,^NSEI,96.17148632235362,,,,,,"{'source': 'synthetic', 'sequence': 278}"
1777779265.172596,^NSEI,96.44341045474255,,,,,,"{'source': 'synthetic', 'sequence': 279}"
1777779266.17293,^NSEI,96.92576581013785,,,,,,"{'source': 'synthetic', 'sequence': 280}"
1777779267.1733,^NSEI,95.25419763520878,,,,,,"{'source': 'synthetic', 'sequence': 281}"
1777779268.173645,^NSEI,96.15667255890423,,,,,,"{'source': 'synthetic', 'sequence': 282}"
1777779269.173996,^NSEI,96.61285937007386,,,,,,"{'source': 'synthetic', 'sequence': 283}"
1777779270.174333,^NSEI,95.55936310641236,,,,,,"{'source': 'synthetic', 'sequence': 284}"
1777779271.174687,^NSEI,95.12788887614573,,,,,,"{'source': 'synthetic', 'sequence': 285}"
1777779272.175348,^NSEI,95.3977830630285,,,,,,"{'source': 'synthetic', 'sequence': 286}"
1777779273.17589,^NSEI,95.4669147821171,,,,,,"{'source': 'synthetic', 'sequence': 287}"
1777779274.176337,^NSEI,95.20708134810454,,,,,,"{'source': 'synthetic', 'sequence': 288}"
1777779275.176758,^NSEI,95.12759460481085,,,,,,"{'source': 'synthetic', 'sequence': 289}"
1777779276.177182,^NSEI,94.90692010489533,,,,,,"{'source': 'synthetic', 'sequence': 290}"
1777779277.177566,^NSEI,95.07069387038743,,,,,,"{'source': 'synthetic', 'sequence': 291}"
1777779278.177921,^NSEI,96.48866563813316,,,,,,"{'source': 'synthetic', 'sequence': 292}"
1777779279.178289,^NSEI,94.03142889011767,,,,,,"{'source': 'synthetic', 'sequence': 293}"
1777779280.178633,^NSEI,93.8275214878472,,,,,,"{'source': 'synthetic', 'sequence': 294}"
1777779281.178976,^NSEI,94.01190422223672,,,,,,"{'source': 'synthetic', 'sequence': 295}"
1777779282.179337,^NSEI,94.30897618916937,,,,,,"{'source': 'synthetic', 'sequence': 296}"
1777779283.17968,^NSEI,93.97708915046486,,,,,,"{'source': 'synthetic', 'sequence': 297}"
1777779284.180028,^NSEI,92.34496857264942,,,,,,"{'source': 'synthetic', 'sequence': 298}"
1777779285.180389,^NSEI,92.66632489271946,,,,,,"{'source': 'synthetic', 'sequence': 299}"
1777779286.18073,^NSEI,94.28553011919048,,,,,,"{'source': 'synthetic', 'sequence': 300}"
1777779287.18109,^NSEI,92.85817786829547,,,,,,"{'source': 'synthetic', 'sequence': 301}"
1777779288.181439,^NSEI,93.67888445730516,,,,,,"{'source': 'synthetic', 'sequence': 302}"
1777779289.181772,^NSEI,93.38986147001422,,,,,,"{'source': 'synthetic', 'sequence': 303}"
1777779290.182145,^NSEI,93.35126872069127,,,,,,"{'source': 'synthetic', 'sequence': 304}"
1777779291.182494,^NSEI,92.387044856352,,,,,,"{'source': 'synthetic', 'sequence': 305}"
1777779292.182831,^NSEI,92.09652809134401,,,,,,"{'source': 'synthetic', 'sequence': 306}"
1777779293.183207,^NSEI,93.31224333231921,,,,,,"{'source': 'synthetic', 'sequence': 307}"
1777779294.183553,^NSEI,93.87459445817775,,,,,,"{'source': 'synthetic', 'sequence': 308}"
1777779295.183894,^NSEI,95.51956987139992,,,,,,"{'source': 'synthetic', 'sequence': 309}"
1777779296.18428,^NSEI,96.66333255734041,,,,,,"{'source': 'synthetic', 'sequence': 310}"
1777779297.184718,^NSEI,97.10710104052056,,,,,,"{'source': 'synthetic', 'sequence': 311}"
1777779298.185109,^NSEI,98.82000672313494,,,,,,"{'source': 'synthetic', 'sequence': 312}"
1777779299.185465,^NSEI,99.27358379345885,,,,,,"{'source': 'synthetic', 'sequence': 313}"
1777779300.185807,^NSEI,100.1154120467101,,,,,,"{'source': 'synthetic', 'sequence': 314}"
1777779301.18621,^NSEI,99.83852189697733,,,,,,"{'source': 'synthetic', 'sequence': 315}"
1777779302.186563,^NSEI,99.92492796029484,,,,,,"{'source': 'synthetic', 'sequence': 316}"
1777779303.186913,^NSEI,99.24801269287616,,,,,,"{'source': 'synthetic', 'sequence': 317}"
1777779304.187263,^NSEI,100.25000468442809,,,,,,"{'source': 'synthetic', 'sequence': 318}"
1777779305.187601,^NSEI,99.08880524799554,,,,,,"{'source': 'synthetic', 'sequence': 319}"
1777779306.187932,^NSEI,99.8838446162004,,,,,,"{'source': 'synthetic', 'sequence': 320}"
1777779307.188288,^NSEI,99.71339177908605,,,,,,"{'source': 'synthetic', 'sequence': 321}"
1777779308.188633,^NSEI,100.9012246604521,,,,,,"{'source': 'synthetic', 'sequence': 322}"
1777779309.188988,^NSEI,101.67904091060959,,,,,,"{'source': 'synthetic', 'sequence': 323}"
1777779310.189364,^NSEI,103.55059227026285,,,,,,"{'source': 'synthetic', 'sequence': 324}"
1777779311.189745,^NSEI,104.32802390955216,,,,,,"{'source': 'synthetic', 'sequence': 325}"
1777779312.190105,^NSEI,102.70881098054836,,,,,,"{'source': 'synthetic', 'sequence': 326}"
1777779313.190495,^NSEI,102.66058593494698,,,,,,"{'source': 'synthetic', 'sequence': 327}"
1777779314.190837,^NSEI,101.4779286010164,,,,,,"{'source': 'synthetic', 'sequence': 328}"
1777779315.191238,^NSEI,100.9722845383467,,,,,,"{'source': 'synthetic', 'sequence': 329}"
1777779316.191916,^NSEI,102.51840086892695,,,,,,"{'source': 'synthetic', 'sequence': 330}"
1777779317.192478,^NSEI,103.19249401703179,,,,,,"{'source': 'synthetic', 'sequence': 331}"
1777779318.192875,^NSEI,102.49188877514085,,,,,,"{'source': 'synthetic', 'sequence': 332}"
1777779319.193352,^NSEI,101.4734090771895,,,,,,"{'source': 'synthetic', 'sequence': 333}"
1777779320.1938,^NSEI,101.52696886621334,,,,,,"{'source': 'synthetic', 'sequence': 334}"
1777779321.194184,^NSEI,100.31213761588565,,,,,,"{'source': 'synthetic', 'sequence': 335}"
1777779322.194533,^NSEI,99.65896488475113,,,,,,"{'source': 'synthetic', 'sequence': 336}"
1777779323.194869,^NSEI,99.98984208741844,,,,,,"{'source': 'synthetic', 'sequence': 337}"
1777779324.195262,^NSEI,101.16503473635595,,,,,,"{'source': 'synthetic', 'sequence': 338}"
1777779325.195596,^NSEI,101.80112149814062,,,,,,"{'source': 'synthetic', 'sequence': 339}"
1777779326.195949,^NSEI,99.48892330591815,,,,,,"{'source': 'synthetic', 'sequence': 340}"
1777779327.196355,^NSEI,99.81163227219298,,,,,,"{'source': 'synthetic', 'sequence': 341}"
1777779328.196744,^NSEI,99.90349248387484,,,,,,"{'source': 'synthetic', 'sequence': 342}"
1777779329.197106,^NSEI,100.33696403251041,,,,,,"{'source': 'synthetic', 'sequence': 343}"
1777779330.197494,^NSEI,101.97868715228523,,,,,,"{'source': 'synthetic', 'sequence': 344}"
1777779331.197836,^NSEI,99.89501958220677,,,,,,"{'source': 'synthetic', 'sequence': 345}"
1777779332.198205,^NSEI,99.32451570377746,,,,,,"{'source': 'synthetic', 'sequence': 346}"
1777779333.198568,^NSEI,99.9312954502957,,,,,,"{'source': 'synthetic', 'sequence': 347}"
1777779334.198928,^NSEI,98.3707739372421,,,,,,"{'source': 'synthetic', 'sequence': 348}"
1777779335.199315,^NSEI,99.84235059351914,,,,,,"{'source': 'synthetic', 'sequence': 349}"
1777779336.199673,^NSEI,100.23009496432486,,,,,,"{'source': 'synthetic', 'sequence': 350}"
1777779337.200017,^NSEI,101.09867291628134,,,,,,"{'source': 'synthetic', 'sequence': 351}"
1777779338.200408,^NSEI,100.54167618596644,,,,,,"{'source': 'synthetic', 'sequence': 352}"
1777779339.200755,^NSEI,101.37995617528844,,,,,,"{'source': 'synthetic', 'sequence': 353}"
1777779340.201108,^NSEI,102.4834481617306,,,,,,"{'source': 'synthetic', 'sequence': 354}"
1777779341.201447,^NSEI,102.74260627641029,,,,,,"{'source': 'synthetic', 'sequence': 355}"
1777779342.201778,^NSEI,103.00398438395939,,,,,,"{'source': 'synthetic', 'sequence': 356}"
1777779343.202197,^NSEI,103.30304948880902,,,,,,"{'source': 'synthetic', 'sequence': 357}"
1777779344.202612,^NSEI,102.43184811261378,,,,,,"{'source': 'synthetic', 'sequence': 358}"
1777779345.202985,^NSEI,102.30121812856996,,,,,,"{'source': 'synthetic', 'sequence': 359}"
1777779346.20338,^NSEI,102.16564596357637,,,,,,"{'source': 'synthetic', 'sequence': 360}"
1777779347.203762,^NSEI,102.57777591087054,,,,,,"{'source': 'synthetic', 'sequence': 361}"
1777779348.204149,^NSEI,103.6238889415509,,,,,,"{'source': 'synthetic', 'sequence': 362}"
1777779349.204512,^NSEI,102.54771746534365,,,,,,"{'source': 'synthetic', 'sequence': 363}"
1777779350.204859,^NSEI,102.44003310161843,,,,,,"{'source': 'synthetic', 'sequence': 364}"
1777779351.205209,^NSEI,103.97812466164636,,,,,,"{'source': 'synthetic', 'sequence': 365}"
1777779352.205563,^NSEI,103.22575119105463,,,,,,"{'source': 'synthetic', 'sequence': 366}"
1777779353.205974,^NSEI,102.39762258427633,,,,,,"{'source': 'synthetic', 'sequence': 367}"
1777779354.206347,^NSEI,102.62525883956911,,,,,,"{'source': 'synthetic', 'sequence': 368}"
1777779355.206729,^NSEI,103.51233637867558,,,,,,"{'source': 'synthetic', 'sequence': 369}"
1777779356.207074,^NSEI,103.54486622301808,,,,,,"{'source': 'synthetic', 'sequence': 370}"
1777779357.207472,^NSEI,104.94164566178729,,,,,,"{'source': 'synthetic', 'sequence': 371}"
1777779358.20798,^NSEI,105.86176769615612,,,,,,"{'source': 'synthetic', 'sequence': 372}"
1777779359.208684,^NSEI,106.77410565332613,,,,,,"{'source': 'synthetic', 'sequence': 373}"
1777779360.209148,^NSEI,107.38711341302309,,,,,,"{'source': 'synthetic', 'sequence': 374}"
1777779361.20957,^NSEI,109.90819031043608,,,,,,"{'source': 'synthetic', 'sequence': 375}"
1777779362.20995,^NSEI,109.70468244905517,,,,,,"{'source': 'synthetic', 'sequence': 376}"
1777779363.21037,^NSEI,107.52866561723738,,,,,,"{'source': 'synthetic', 'sequence': 377}"
1777779364.210756,^NSEI,109.27520465840654,,,,,,"{'source': 'synthetic', 'sequence': 378}"
1777779365.211177,^NSEI,108.79690770943978,,,,,,"{'source': 'synthetic', 'sequence': 379}"
1777779366.211521,^NSEI,108.9360376784501,,,,,,"{'source': 'synthetic', 'sequence': 380}"
1777779367.21188,^NSEI,110.38439751346387,,,,,,"{'source': 'synthetic', 'sequence': 381}"
1777779368.212251,^NSEI,108.63782985196667,,,,,,"{'source': 'synthetic', 'sequence': 382}"
1777779369.212591,^NSEI,107.29979504712956,,,,,,"{'source': 'synthetic', 'sequence': 383}"
1777779370.212926,^NSEI,105.60308706147556,,,,,,"{'source': 'synthetic', 'sequence': 384}"
1777779371.213324,^NSEI,104.78557524114554,,,,,,"{'source': 'synthetic', 'sequence': 385}"
1777779372.213685,^NSEI,105.26720810277932,,,,,,"{'source': 'synthetic', 'sequence': 386}"
1777779373.214115,^NSEI,105.84005945174306,,,,,,"{'source': 'synthetic', 'sequence': 387}"
1777779374.214475,^NSEI,106.15363621928456,,,,,,"{'source': 'synthetic', 'sequence': 388}"
1777779375.214818,^NSEI,104.67516458951116,,,,,,"{'source': 'synthetic', 'sequence': 389}"
1777779376.215216,^NSEI,102.2779950479459,,,,,,"{'source': 'synthetic', 'sequence': 390}"
1777779377.215547,^NSEI,102.35404240432945,,,,,,"{'source': 'synthetic', 'sequence': 391}"
1777779378.215887,^NSEI,101.89163137128666,,,,,,"{'source': 'synthetic', 'sequence': 392}"
1777779379.216258,^NSEI,102.38008535465056,,,,,,"{'source': 'synthetic', 'sequence': 393}"
1777779380.216639,^NSEI,103.1192220933969,,,,,,"{'source': 'synthetic', 'sequence': 394}"
1777779381.217022,^NSEI,103.28239942716527,,,,,,"{'source': 'synthetic', 'sequence': 395}"
1777779382.217364,^NSEI,104.08813959646663,,,,,,"{'source': 'synthetic', 'sequence': 396}"
1777779383.217702,^NSEI,104.3475390794458,,,,,,"{'source': 'synthetic', 'sequence': 397}"
1777779384.218074,^NSEI,104.92151806308551,,,,,,"{'source': 'synthetic', 'sequence': 398}"
1777779385.218477,^NSEI,104.20314848191038,,,,,,"{'source': 'synthetic', 'sequence': 399}"
1777779386.218859,^NSEI,104.0368283633615,,,,,,"{'source': 'synthetic', 'sequence': 400}"
1777779387.21929,^NSEI,104.26235533897328,,,,,,"{'source': 'synthetic', 'sequence': 401}"
1777779388.219657,^NSEI,105.13871012473825,,,,,,"{'source': 'synthetic', 'sequence': 402}"
1777779389.220027,^NSEI,104.74576347705626,,,,,,"{'source': 'synthetic', 'sequence': 403}"
1777779390.22041,^NSEI,105.3126132507607,,,,,,"{'source': 'synthetic', 'sequence': 404}"
1777779391.220767,^NSEI,105.05371399461052,,,,,,"{'source': 'synthetic', 'sequence': 405}"
1777779392.221122,^NSEI,104.95124232512147,,,,,,"{'source': 'synthetic', 'sequence': 406}"
1777779393.22149,^NSEI,105.84282311351421,,,,,,"{'source': 'synthetic', 'sequence': 407}"
1777779394.221828,^NSEI,103.75448031505651,,,,,,"{'source': 'synthetic', 'sequence': 408}"
1777779395.222181,^NSEI,102.43008308469705,,,,,,"{'source': 'synthetic', 'sequence': 409}"
1777779396.222533,^NSEI,100.93236536724406,,,,,,"{'source': 'synthetic', 'sequence': 410}"
1777779397.22289,^NSEI,98.59717789196331,,,,,,"{'source': 'synthetic', 'sequence': 411}"
1777779398.223251,^NSEI,97.94814773090398,,,,,,"{'source': 'synthetic', 'sequence': 412}"
1777779399.223607,^NSEI,98.70179398370097,,,,,,"{'source': 'synthetic', 'sequence': 413}"
1777779400.223954,^NSEI,98.44034865820439,,,,,,"{'source': 'synthetic', 'sequence': 414}"
1777779401.224534,^NSEI,98.65474197421094,,,,,,"{'source': 'synthetic', 'sequence': 415}"
1777779402.225109,^NSEI,99.74903763352378,,,,,,"{'source': 'synthetic', 'sequence': 416}"
1777779403.225547,^NSEI,101.09334158078127,,,,,,"{'source': 'synthetic', 'sequence': 417}"
1777779404.225972,^NSEI,101.04366640058284,,,,,,"{'source': 'synthetic', 'sequence': 418}"
1777779405.22643,^NSEI,102.43158794456481,,,,,,"{'source': 'synthetic', 'sequence': 419}"
1777779406.226849,^NSEI,102.54644106130806,,,,,,"{'source': 'synthetic', 'sequence': 420}"
1777779407.227251,^NSEI,101.70822827347466,,,,,,"{'source': 'synthetic', 'sequence': 421}"
1777779408.227585,^NSEI,101.12401585205673,,,,,,"{'source': 'synthetic', 'sequence': 422}"
1777779409.227915,^NSEI,99.6470626775654,,,,,,"{'source': 'synthetic', 'sequence': 423}"
1777779410.228274,^NSEI,98.78199279221026,,,,,,"{'source': 'synthetic', 'sequence': 424}"
1777779411.228627,^NSEI,98.4480931717601,,,,,,"{'source': 'synthetic', 'sequence': 425}"
1777779412.228982,^NSEI,99.25889691898661,,,,,,"{'source': 'synthetic', 'sequence': 426}"
1777779413.229385,^NSEI,100.98676585130046,,,,,,"{'source': 'synthetic', 'sequence': 427}"
1777779414.229781,^NSEI,99.61114279389696,,,,,,"{'source': 'synthetic', 'sequence': 428}"
1777779415.230538,^NSEI,100.02236495279779,,,,,,"{'source': 'synthetic', 'sequence': 429}"
1777779416.231004,^NSEI,99.00159276946998,,,,,,"{'source': 'synthetic', 'sequence': 430}"
1777779417.231493,^NSEI,99.49135076643273,,,,,,"{'source': 'synthetic', 'sequence': 431}"
1777779418.231969,^NSEI,99.38082915714232,,,,,,"{'source': 'synthetic', 'sequence': 432}"
1777779419.232438,^NSEI,97.58113593216004,,,,,,"{'source': 'synthetic', 'sequence': 433}"
1777779420.232843,^NSEI,98.50649490854306,,,,,,"{'source': 'synthetic', 'sequence': 434}"
1777779421.233281,^NSEI,97.93023121116518,,,,,,"{'source': 'synthetic', 'sequence': 435}"
1777779422.233634,^NSEI,97.42696751953123,,,,,,"{'source': 'synthetic', 'sequence': 436}"
1777779423.233982,^NSEI,96.40422557874852,,,,,,"{'source': 'synthetic', 'sequence': 437}"
1777779424.234343,^NSEI,95.79274969788237,,,,,,"{'source': 'synthetic', 'sequence': 438}"
1777779425.23475,^NSEI,96.22179626665799,,,,,,"{'source': 'synthetic', 'sequence': 439}"
1777779426.235131,^NSEI,96.05894632172931,,,,,,"{'source': 'synthetic', 'sequence': 440}"
1777779427.235496,^NSEI,96.39386736734609,,,,,,"{'source': 'synthetic', 'sequence': 441}"
1777779428.23584,^NSEI,96.76201661266917,,,,,,"{'source': 'synthetic', 'sequence': 442}"
1777779429.236272,^NSEI,98.05926786651104,,,,,,"{'source': 'synthetic', 'sequence': 443}"
1777779430.236659,^NSEI,97.74274613019892,,,,,,"{'source': 'synthetic', 'sequence': 444}"
1777779431.237057,^NSEI,96.31877329280144,,,,,,"{'source': 'synthetic', 'sequence': 445}"
1777779432.237392,^NSEI,97.36597258740791,,,,,,"{'source': 'synthetic', 'sequence': 446}"
1777779433.237726,^NSEI,97.06268909915069,,,,,,"{'source': 'synthetic', 'sequence': 447}"
1777779434.238071,^NSEI,98.16395503617329,,,,,,"{'source': 'synthetic', 'sequence': 448}"
1777779435.238413,^NSEI,98.55992596418396,,,,,,"{'source': 'synthetic', 'sequence': 449}"
1777779436.238758,^NSEI,98.45038889669712,,,,,,"{'source': 'synthetic', 'sequence': 450}"
1777779437.239119,^NSEI,98.81345019854297,,,,,,"{'source': 'synthetic', 'sequence': 451}"
1777779438.239507,^NSEI,100.7610757130504,,,,,,"{'source': 'synthetic', 'sequence': 452}"
1777779439.23987,^NSEI,102.87401585161818,,,,,,"{'source': 'synthetic', 'sequence': 453}"
1777779440.240273,^NSEI,102.96596581474303,,,,,,"{'source': 'synthetic', 'sequence': 454}"
1777779441.240625,^NSEI,103.15150079945926,,,,,,"{'source': 'synthetic', 'sequence': 455}"
1777779442.240975,^NSEI,104.2822889742522,,,,,,"{'source': 'synthetic', 'sequence': 456}"
1777779443.241339,^NSEI,103.42127075011396,,,,,,"{'source': 'synthetic', 'sequence': 457}"
1777779444.241715,^NSEI,103.78642061611792,,,,,,"{'source': 'synthetic', 'sequence': 458}"
1777779445.242144,^NSEI,103.78033577608045,,,,,,"{'source': 'synthetic', 'sequence': 459}"
1777779446.242551,^NSEI,104.12686683911501,,,,,,"{'source': 'synthetic', 'sequence': 460}"
1777779447.242936,^NSEI,103.27993138563316,,,,,,"{'source': 'synthetic', 'sequence': 461}"
1777779448.243387,^NSEI,101.65888315549246,,,,,,"{'source': 'synthetic', 'sequence': 462}"
1777779449.243785,^NSEI,99.57184312309646,,,,,,"{'source': 'synthetic', 'sequence': 463}"
1777779450.244177,^NSEI,98.47915753565266,,,,,,"{'source': 'synthetic', 'sequence': 464}"
1777779451.244546,^NSEI,98.04715381072728,,,,,,"{'source': 'synthetic', 'sequence': 465}"
1777779452.244882,^NSEI,97.77929723556781,,,,,,"{'source': 'synthetic', 'sequence': 466}"
1777779453.245262,^NSEI,99.69306411146692,,,,,,"{'source': 'synthetic', 'sequence': 467}"
1777779454.245652,^NSEI,100.81560140361948,,,,,,"{'source': 'synthetic', 'sequence': 468}"
1777779455.246062,^NSEI,99.8658265789096,,,,,,"{'source': 'synthetic', 'sequence': 469}"
1777779456.246414,^NSEI,100.23304166435027,,,,,,"{'source': 'synthetic', 'sequence': 470}"
1777779457.24676,^NSEI,99.84506137443562,,,,,,"{'source': 'synthetic', 'sequence': 471}"
1777779458.247125,^NSEI,99.58110713809268,,,,,,"{'source': 'synthetic', 'sequence': 472}"
1777779459.2475,^NSEI,99.78557269301899,,,,,,"{'source': 'synthetic', 'sequence': 473}"
1777779460.247854,^NSEI,100.42337325258126,,,,,,"{'source': 'synthetic', 'sequence': 474}"
1777779461.248227,^NSEI,100.10276311366988,,,,,,"{'source': 'synthetic', 'sequence': 475}"
1777779462.248594,^NSEI,101.18772844598683,,,,,,"{'source': 'synthetic', 'sequence': 476}"
1777779463.248941,^NSEI,100.05246464038613,,,,,,"{'source': 'synthetic', 'sequence': 477}"
1777779464.249306,^NSEI,100.07881752144276,,,,,,"{'source': 'synthetic', 'sequence': 478}"
1777779465.249648,^NSEI,102.69855443358935,,,,,,"{'source': 'synthetic', 'sequence': 479}"
1777779466.250006,^NSEI,102.9481938153864,,,,,,"{'source': 'synthetic', 'sequence': 480}"
1777779467.250367,^NSEI,104.44425190220065,,,,,,"{'source': 'synthetic', 'sequence': 481}"
1777779468.250711,^NSEI,104.56072831801367,,,,,,"{'source': 'synthetic', 'sequence': 482}"
1777779469.251052,^NSEI,105.18890522445831,,,,,,"{'source': 'synthetic', 'sequence': 483}"
1777779470.251408,^NSEI,105.15021338497006,,,,,,"{'source': 'synthetic', 'sequence': 484}"
1777779471.251772,^NSEI,104.99205949242872,,,,,,"{'source': 'synthetic', 'sequence': 485}"
1777779472.252174,^NSEI,104.19466328262425,,,,,,"{'source': 'synthetic', 'sequence': 486}"
1777779473.252546,^NSEI,104.66385326734716,,,,,,"{'source': 'synthetic', 'sequence': 487}"
1777779474.252898,^NSEI,103.79353440379434,,,,,,"{'source': 'synthetic', 'sequence': 488}"
1777779475.253267,^NSEI,104.50512755191465,,,,,,"{'source': 'synthetic', 'sequence': 489}"
1777779476.253648,^NSEI,105.6602091457256,,,,,,"{'source': 'synthetic', 'sequence': 490}"
1777779477.254087,^NSEI,106.06861903902637,,,,,,"{'source': 'synthetic', 'sequence': 491}"
1777779478.254442,^NSEI,105.78621268413495,,,,,,"{'source': 'synthetic', 'sequence': 492}"
1777779479.254778,^NSEI,106.28760291991205,,,,,,"{'source': 'synthetic', 'sequence': 493}"
1777779480.255116,^NSEI,105.9807792488961,,,,,,"{'source': 'synthetic', 'sequence': 494}"
1777779481.25546,^NSEI,106.99347553855449,,,,,,"{'source': 'synthetic', 'sequence': 495}"
1777779482.25584,^NSEI,105.05538921293589,,,,,,"{'source': 'synthetic', 'sequence': 496}"
1777779483.256284,^NSEI,104.72382666397415,,,,,,"{'source': 'synthetic', 'sequence': 497}"
1777779484.256622,^NSEI,102.65991692632768,,,,,,"{'source': 'synthetic', 'sequence': 498}"
1777779485.256966,^NSEI,101.14562070340364,,,,,,"{'source': 'synthetic', 'sequence': 499}"
