Datetime,Close,High,Low,Open,Volume,EMA_9,EMA_21,ADX_14,DMP_14,DMN_14,SUPERT_10_3.0,SUPERTd_10_3.0,SUPERTl_10_3.0,SUPERTs_10_3.0,RSI_14,STOCHk_14_3_3,STOCHd_14_3_3,CCI_20,MACD_12_26_9,MACDh_12_26_9,MACDs_12_26_9,Support,Resistance,BBL_20_2.0,BBM_20_2.0,BBU_20_2.0,BBB_20_2.0,BBP_20_2.0,ATR_14,Volume_MA_20,VWAP,OBV,Volume_Spike,Close,High,Low,Open,Volume,Bullish,Bearish
2025-04-24 09:15:00+05:30,1609.0,1612.0,1604.5,1612.0,0,1613.9333360460068,1615.4761904761904,19.84044784619848,17.673758770451833,19.45003716162482,0.0,1,1599.8399780273437,1631.6360119552812,55.04797675988146,40.14747876941944,55.83021638211047,220.58819703420224,2.5821062612160404,-0.6612355089009978,3.243341770117038,1604.5,1623.0,1607.6279964098658,1615.025,1622.4220035901344,0.9160234163724175,1.1472198822985527,4.457162039620536,4268.8,1610.2666829427083,0.0,0,1609.0,1612.0,1604.5,1612.0,0,0.0,0.0
2025-04-24 09:16:00+05:30,1612.0,1612.0,1606.800048828125,1608.9000244140625,8907,1613.9333360460068,1615.4761904761904,19.84044784619848,17.673758770451833,19.45003716162482,1599.8399780273437,1,1599.8399780273437,1631.6360119552812,55.04797675988146,40.14747876941944,55.83021638211047,220.58819703420224,2.5821062612160404,-0.6612355089009978,3.243341770117038,1604.5,1623.0,1607.6279964098658,1615.025,1622.4220035901344,0.9160234163724175,1.1472198822985527,4.457162039620536,4268.8,1610.2666829427083,8907.0,0,1612.0,1612.0,1606.800048828125,1608.9000244140625,8907,0.0,0.0
2025-04-24 09:17:00+05:30,1621.300048828125,1623.0,1615.0999755859375,1615.0999755859375,13199,1613.9333360460068,1615.4761904761904,19.84044784619848,17.673758770451833,19.45003716162482,1599.8399780273437,1,1599.8399780273437,1631.6360119552812,55.04797675988146,40.14747876941944,55.83021638211047,220.58819703420224,2.5821062612160404,-0.6612355089009978,3.243341770117038,1604.5,1623.0,1607.6279964098658,1615.025,1622.4220035901344,0.9160234163724175,1.1472198822985527,4.457162039620536,4268.8,1615.9588189805681,22106.0,0,1621.300048828125,1623.0,1615.0999755859375,1615.0999755859375,13199,0.0,0.0
2025-04-24 09:18:00+05:30,1612.199951171875,1616.0,1609.9000244140625,1616.0,8037,1613.9333360460068,1615.4761904761904,19.84044784619848,17.673758770451833,19.45003716162482,1599.8399780273437,1,1599.8399780273437,1631.6360119552812,55.04797675988146,40.14747876941944,55.83021638211047,220.58819703420224,2.5821062612160404,-0.6612355089009978,3.243341770117038,1604.5,1623.0,1607.6279964098658,1615.025,1622.4220035901344,0.9160234163724175,1.1472198822985527,4.457162039620536,4268.8,1615.0899209428114,14069.0,0,1612.199951171875,1616.0,1609.9000244140625,1616.0,8037,0.0,0.0
2025-04-24 09:19:00+05:30,1615.300048828125,1615.300048828125,1613.4000244140625,1614.199951171875,5198,1613.9333360460068,1615.4761904761904,19.84044784619848,17.673758770451833,19.45003716162482,1599.8399780273437,1,1599.8399780273437,1631.6360119552812,55.04797675988146,40.14747876941944,55.83021638211047,220.58819703420224,2.5821062612160404,-0.6612355089009978,3.243341770117038,1604.5,1623.0,1607.6279964098658,1615.025,1622.4220035901344,0.9160234163724175,1.1472198822985527,4.457162039620536,4268.8,1615.0276741410728,19267.0,0,1615.300048828125,1615.300048828125,1613.4000244140625,1614.199951171875,5198,0.0,0.0
2025-04-24 09:20:00+05:30,1612.0,1614.800048828125,1611.0,1614.800048828125,6693,1613.9333360460068,1615.4761904761904,19.84044784619848,17.673758770451833,19.45003716162482,1599.8399780273437,1,1599.8399780273437,1631.6360119552812,55.04797675988146,40.14747876941944,55.83021638211047,220.58819703420224,2.5821062612160404,-0.6612355089009978,3.243341770117038,1604.5,1623.0,1607.6279964098658,1615.025,1622.4220035901344,0.9160234163724175,1.1472198822985527,4.457162039620536,4268.8,1614.6411224426704,12574.0,0,1612.0,1614.800048828125,1611.0,1614.800048828125,6693,100.0,0.0
2025-04-24 09:21:00+05:30,1612.0,1615.0,1611.9000244140625,1612.4000244140625,2799,1613.9333360460068,1615.4761904761904,19.84044784619848,17.673758770451833,19.45003716162482,1599.8399780273437,1,1599.8399780273437,1631.6360119552812,55.04797675988146,40.14747876941944,55.83021638211047,220.58819703420224,2.5821062612160404,-0.6612355089009978,3.243341770117038,1604.5,1623.0,1607.6279964098658,1615.025,1622.4220035901344,0.9160234163724175,1.1472198822985527,4.457162039620536,4268.8,1614.5365838452374,12574.0,0,1612.0,1615.0,1611.9000244140625,1612.4000244140625,2799,100.0,0.0
2025-04-24 09:22:00+05:30,1615.0999755859375,1615.9000244140625,1610.0,1612.0,5863,1613.9333360460068,1615.4761904761904,19.84044784619848,17.673758770451833,19.45003716162482,1599.8399780273437,1,1599.8399780273437,1631.6360119552812,55.04797675988146,40.14747876941944,55.83021638211047,220.58819703420224,2.5821062612160404,-0.6612355089009978,3.243341770117038,1604.5,1623.0,1607.6279964098658,1615.025,1622.4220035901344,0.9160234163724175,1.1472198822985527,4.457162039620536,4268.8,1614.4359777931236,18437.0,0,1615.0999755859375,1615.9000244140625,1610.0,1612.0,5863,80.0,0.0
2025-04-24 09:23:00+05:30,1616.5,1617.5999755859375,1613.9000244140625,1615.699951171875,3524,1613.9333360460068,1615.4761904761904,19.84044784619848,17.673758770451833,19.45003716162482,1599.8399780273437,1,1599.8399780273437,1631.6360119552812,55.04797675988146,40.14747876941944,55.83021638211047,220.58819703420224,2.5821062612160404,-0.6612355089009978,3.243341770117038,1604.5,1623.0,1607.6279964098658,1615.025,1622.4220035901344,0.9160234163724175,1.1472198822985527,4.457162039620536,4268.8,1614.5376305828145,21961.0,0,1616.5,1617.5999755859375,1613.9000244140625,1615.699951171875,3524,200.0,0.0
2025-04-24 09:24:00+05:30,1615.199951171875,1617.300048828125,1614.800048828125,1616.0999755859375,2830,1614.1866590711804,1615.4761904761904,19.84044784619848,17.673758770451833,19.45003716162482,1599.8399780273437,1,1599.8399780273437,1631.6360119552812,55.04797675988146,40.14747876941944,55.83021638211047,220.58819703420224,2.5821062612160404,-0.6612355089009978,3.243341770117038,1604.5,1623.0,1607.6279964098658,1615.025,1622.4220035901344,0.9160234163724175,1.1472198822985527,4.457162039620536,4268.8,1614.5985984737608,19131.0,0,1615.199951171875,1617.300048828125,1614.800048828125,1616.0999755859375,2830,100.0,0.0
2025-04-24 09:25:00+05:30,1614.5999755859375,1616.5,1614.5,1615.199951171875,2214,1614.269322374132,1615.4761904761904,19.84044784619848,17.673758770451833,19.45003716162482,1599.8399780273437,1,1599.8399780273437,1631.6360119552812,55.04797675988146,40.14747876941944,55.83021638211047,220.58819703420224,2.5821062612160404,-0.6612355089009978,3.243341770117038,1604.5,1623.0,1607.6279964098658,1615.025,1622.4220035901344,0.9160234163724175,1.1472198822985527,4.457162039620536,4268.8,1614.6210654851254,16917.0,0,1614.5999755859375,1616.5,1614.5,1615.199951171875,2214,100.0,0.0
2025-04-24 09:26:00+05:30,1612.5,1614.9000244140625,1612.199951171875,1614.5,2855,1613.9154578993055,1615.4761904761904,19.84044784619848,17.673758770451833,19.45003716162482,1599.8399780273437,1,1599.8399780273437,1631.6360119552812,55.04797675988146,40.14747876941944,55.83021638211047,220.58819703420224,2.5821062612160404,-0.6612355089009978,3.243341770117038,1604.5,1623.0,1607.6279964098658,1615.025,1622.4220035901344,0.9160234163724175,1.1472198822985527,4.457162039620536,4268.8,1614.5557526952532,14062.0,0,1612.5,1614.9000244140625,1612.199951171875,1614.5,2855,0.0,-100.0
2025-04-24 09:27:00+05:30,1613.300048828125,1613.800048828125,1612.0999755859375,1612.5,1739,1613.7923760850695,1615.4761904761904,19.84044784619848,17.673758770451833,19.45003716162482,1599.8399780273437,1,1599.8399780273437,1631.6360119552812,55.04797675988146,40.14747876941944,55.83021638211047,220.58819703420224,2.5821062612160404,-0.6612355089009978,3.243341770117038,1604.5,1623.0,1607.6279964098658,1615.025,1622.4220035901344,0.9160234163724175,1.1472198822985527,4.457162039620536,4268.8,1614.5152021276242,15801.0,0,1613.300048828125,1613.800048828125,1612.0999755859375,1612.5,1739,100.0,0.0
2025-04-24 09:28:00+05:30,1611.0,1613.0999755859375,1611.0,1613.0999755859375,2876,1613.2339008680556,1615.4761904761904,19.84044784619848,17.673758770451833,19.45003716162482,1599.8399780273437,1,1599.8399780273437,1631.6360119552812,55.04797675988146,40.14747876941944,55.83021638211047,220.58819703420224,2.5821062612160404,-0.6612355089009978,3.243341770117038,1604.5,1623.0,1607.6279964098658,1615.025,1622.4220035901344,0.9160234163724175,1.1472198822985527,4.457162039620536,4268.8,1614.3938764956524,12925.0,0,1611.0,1613.0999755859375,1611.0,1613.0999755859375,2876,0.0,-400.0
2025-04-24 09:29:00+05:30,1613.199951171875,1614.5,1611.800048828125,1612.0,3130,1613.2271109288195,1615.4761904761904,19.84044784619848,17.673758770451833,19.45003716162482,1600.2008469982911,1,1600.2008469982911,1631.6360119552812,55.04797675988146,40.14747876941944,55.83021638211047,220.58819703420224,2.5821062612160404,-0.6612355089009978,3.243341770117038,1604.5,1623.0,1607.6279964098658,1615.025,1622.4220035901344,0.9160234163724175,1.1472198822985527,4.457162039620536,4268.8,1614.3388958652172,16055.0,0,1613.199951171875,1614.5,1611.800048828125,1612.0,3130,0.0,0.0
2025-04-24 09:30:00+05:30,1615.9000244140625,1615.9000244140625,1612.4000244140625,1612.4000244140625,2112,1613.761693625868,1615.4761904761904,19.84044784619848,19.434224388083557,17.650221527381685,1601.445764739868,1,1601.445764739868,1631.6360119552812,57.984749161170114,40.14747876941944,55.83021638211047,220.58819703420224,2.5821062612160404,-0.6612355089009978,3.243341770117038,1606.800048828125,1623.0,1607.6279964098658,1615.025,1622.4220035901344,0.9160234163724175,1.1472198822985527,4.3887933225047835,4268.8,1614.3504706053411,18167.0,0,1615.9000244140625,1615.9000244140625,1612.4000244140625,1612.4000244140625,2112,400.0,0.0
2025-04-24 09:31:00+05:30,1616.800048828125,1617.0,1615.199951171875,1615.199951171875,3204,1614.3693646663194,1615.4761904761904,19.84044784619848,20.893478606919118,16.531358683421416,1604.1261272307252,1,1604.1261272307252,1631.6360119552812,58.9475220487745,58.306192034191874,55.83021638211047,220.58819703420224,2.5821062612160404,-0.6612355089009978,3.243341770117038,1609.9000244140625,1623.0,1607.6279964098658,1615.025,1622.4220035901344,0.9160234163724175,1.1472198822985527,4.203883001477656,4268.8,1614.4349756888805,21371.0,0,1616.800048828125,1617.0,1615.199951171875,1615.199951171875,3204,400.0,0.0
2025-04-24 09:32:00+05:30,1617.5999755859375,1620.5999755859375,1615.4000244140625,1618.0,4927,1615.015486850243,1615.4761904761904,19.84044784619848,26.89421908736292,14.63517997472966,1605.6635511287463,1,1605.6635511287463,1631.6360119552812,59.828600283150124,69.03697834272009,55.83021638211047,220.58819703420224,2.5821062612160404,-0.6612355089009978,3.243341770117038,1609.9000244140625,1620.5999755859375,1607.6279964098658,1615.025,1622.4220035901344,0.9160234163724175,1.1472198822985527,4.275030727934609,4268.8,1614.646042154377,26298.0,0,1617.5999755859375,1620.5999755859375,1615.4000244140625,1618.0,4927,0.0,-200.0
2025-04-24 09:33:00+05:30,1620.4000244140625,1621.199951171875,1618.0999755859375,1618.0999755859375,1544,1616.0923943630069,1615.4761904761904,19.84044784619848,25.93970912889536,13.366690590319573,1607.4671667189966,1,1607.4671667189966,1631.6360119552812,62.83540078360518,84.7223628730461,70.68851108331934,220.58819703420224,2.5821062612160404,-0.6612355089009978,3.243341770117038,1610.0,1621.199951171875,1607.6279964098658,1615.025,1622.4220035901344,0.9160234163724175,1.1472198822985527,4.226812503506244,4268.8,1614.7453928761493,27842.0,0,1620.4000244140625,1621.199951171875,1618.0999755859375,1618.0999755859375,1544,200.0,0.0
2025-04-24 09:34:00+05:30,1624.5999755859375,1624.5999755859375,1621.0,1621.0,3725,1617.793910607593,1615.4761904761904,19.84044784619848,31.10730910438424,12.108236336873691,1610.5754854474876,1,1610.5754854474876,1631.6360119552812,66.84416850853646,88.18527122989529,80.64820414855382,220.58819703420224,2.5821062612160404,-0.6612355089009978,3.243341770117038,1610.0,1624.5999755859375,1607.6279964098658,1615.025,1622.4220035901344,0.9160234163724175,1.1472198822985527,4.224893836961155,4268.8,1615.1229972486672,31567.0,0,1624.5999755859375,1624.5999755859375,1621.0,1621.0,3725,400.0,0.0
2025-04-24 09:35:00+05:30,1624.5,1627.699951171875,1624.5,1625.300048828125,5716,1619.1351284860743,1615.4761904761904,19.84044784619848,35.631107313607224,11.182951629504785,1614.137938123442,1,1614.137938123442,1631.6360119552812,66.65984524945964,91.59296520473164,88.166866435891,223.78593719364136,2.5821062612160404,-0.6612355089009978,3.243341770117038,1610.0,1627.699951171875,1607.8622319185574,1615.8,1623.7377680814425,0.9825186386239049,1.0480129874504345,4.151683646597858,4554.6,1615.7783338463862,25851.0,0,1624.5,1627.699951171875,1624.5,1625.300048828125,5716,0.0,0.0
2025-04-24 09:36:00+05:30,1617.5999755859375,1623.300048828125,1617.5999755859375,1623.300048828125,7174,1618.8280979060469,1615.6692618498037,19.84044784619848,30.942619772689262,24.076719429136094,1614.137938123442,1,1614.137938123442,1631.6360119552812,55.32145150674852,73.81401913044091,84.53075185502259,76.44894333891399,2.5821062612160404,-0.6612355089009978,3.243341770117038,1610.0,1627.699951171875,1608.3047465473026,1616.0799987792968,1623.855251011291,0.9622360573569744,0.5977445336362298,4.347993701416761,4467.95,1616.0500375179108,18677.0,0,1617.5999755859375,1623.300048828125,1617.5999755859375,1623.300048828125,7174,0.0,-400.0
2025-04-24 09:37:00+05:30,1620.800048828125,1621.300048828125,1616.4000244140625,1616.5,3764,1619.2224880904625,1616.135697029651,19.84044784619848,27.94073605570855,24.17028894983072,1614.137938123442,1,1614.137938123442,1631.6360119552812,58.819848920928074,60.0417186952748,75.14956767681575,77.29290404370649,2.5821062612160404,-0.6612355089009978,3.243341770117038,1611.0,1627.699951171875,1608.3440949892697,1616.054998779297,1623.7659025693242,0.954287297876838,0.8076844283133806,4.387424466605742,3996.2,1616.1773119660156,22441.0,0,1620.800048828125,1621.300048828125,1616.4000244140625,1616.5,3764,300.0,0.0
2025-04-24 09:38:00+05:30,1620.699951171875,1621.800048828125,1618.9000244140625,1620.699951171875,2435,1619.517980706745,1616.5506292243988,19.84044784619848,27.15382589085997,22.60750810528164,1614.137938123442,1,1614.137938123442,1631.6360119552812,58.665110324452904,52.09591197267178,61.98388326612913,86.21389170029678,2.5821062612160404,-0.6612355089009978,3.243341770117038,1611.0,1627.699951171875,1608.7289746279098,1616.479998779297,1624.231022930684,0.9590003163961696,0.772219019716438,4.281181605709796,3716.1,1616.2772937638633,20006.0,0,1620.699951171875,1621.800048828125,1618.9000244140625,1620.699951171875,2435,500.0,-200.0
2025-04-24 09:39:00+05:30,1621.800048828125,1622.5999755859375,1620.199951171875,1620.199951171875,1607,1619.974394331021,1617.027849188374,19.84044784619848,27.282248466518247,21.33416089647329,1614.137938123442,1,1614.137938123442,1631.6360119552812,59.91326232400627,60.47931620932806,57.53898229242484,94.68471900730724,2.5821062612160404,-0.6612355089009978,3.243341770117038,1611.0,1627.699951171875,1608.7403843731609,1616.804998779297,1624.869613185433,0.9975988956274845,0.8096893290414142,4.146813234877846,3536.55,1616.356923095924,21613.0,0,1621.800048828125,1622.5999755859375,1620.199951171875,1620.199951171875,1607,0.0,0.0
2025-04-24 09:40:00+05:30,1620.300048828125,1622.199951171875,1620.0,1622.199951171875,2542,1620.0395252304418,1617.3253218828968,19.84044784619848,25.83754807325348,20.62707545916088,1614.137938123442,1,1614.137938123442,1631.6360119552812,57.36950038589937,59.481309299299745,57.35217916043316,71.72266652199777,2.5821062612160404,-0.6612355089009978,3.243341770117038,1611.0,1627.699951171875,1609.3349159496627,1617.2200012207031,1625.1050864917436,0.9751407062846942,0.6953084527020883,4.007751658949071,3329.0,1616.4616889163847,19071.0,0,1620.300048828125,1622.199951171875,1620.0,1622.199951171875,2542,0.0,-100.0
2025-04-24 09:41:00+05:30,1624.300048828125,1624.4000244140625,1620.0,1620.0,1201,1620.8916299499783,1617.9593879688266,19.84044784619848,28.070597957376645,18.77137264025469,1614.137938123442,1,1614.137938123442,1631.6360119552812,62.0024968824946,66.66715397472821,62.209259827785296,100.7289836203962,2.5821062612160404,-0.6612355089009978,3.243341770117038,1611.0,1627.699951171875,1609.7580370287346,1617.8350036621093,1625.911970295484,0.9984907750285763,0.9002149234653,4.0357711414571735,3249.1,1616.5321022563903,20272.0,0,1624.300048828125,1624.4000244140625,1620.0,1620.0,1201,500.0,0.0
2025-04-24 09:42:00+05:30,1626.4000244140625,1626.4000244140625,1623.699951171875,1623.699951171875,3629,1621.9933088427952,1618.726718554757,19.84044784619848,30.56792267882504,17.637887136519982,1614.137938123442,1,1614.137938123442,1631.6360119552812,64.20206999208847,75.7182105229929,67.28889126567357,133.08663305309716,2.5821062612160404,-0.6612355089009978,3.243341770117038,1611.0,1627.699951171875,1609.6172776355997,1618.4000061035156,1627.1827345714314,1.085359421007574,0.9554403759476211,3.940364148652197,3137.4,1616.8189794901932,23901.0,0,1626.4000244140625,1626.4000244140625,1623.699951171875,1623.699951171875,3629,500.0,0.0
2025-04-24 09:43:00+05:30,1625.5,1626.0999755859375,1625.0999755859375,1625.199951171875,1838,1622.6946470742362,1619.3424714134155,20.583729283573163,29.482075447285876,17.011346330374277,1615.023913336968,1,1615.023913336968,1631.6360119552812,62.53134173564598,85.69557298093667,76.02697915955255,118.87728569220688,2.5821062612160404,-0.6612355089009978,3.243341770117038,1611.800048828125,1627.699951171875,1609.5933167726448,1618.8500061035156,1628.1066954343864,1.1436129716737826,0.859199367008398,3.7517701971859685,3053.1,1616.9584480899314,22063.0,0,1625.5,1626.0999755859375,1625.0999755859375,1625.199951171875,1838,300.0,-200.0
2025-04-24 09:44:00+05:30,1626.9000244140625,1627.0,1625.0999755859375,1625.0999755859375,3989,1623.5357225422015,1620.0295216862016,21.55219525545871,30.099093427804473,16.207275018698315,1615.9615244446775,1,1615.9615244446775,1631.6360119552812,64.09650455044638,90.34868702507124,83.92082350966689,119.26607090145359,2.5821062612160404,-0.6612355089009978,3.243341770117038,1612.4000244140625,1627.699951171875,1609.708069908231,1619.435009765625,1629.161949623019,1.2012757287248863,0.883728837531723,3.6195026412485776,3111.05,1617.271989665301,26052.0,0,1626.9000244140625,1627.0,1625.0999755859375,1625.0999755859375,3989,100.0,0.0
2025-04-24 09:45:00+05:30,1622.699951171875,1626.5999755859375,1621.4000244140625,1626.5999755859375,2971,1623.3685682681362,1620.272288003081,20.30450461732716,26.69740344225061,22.270635909428623,1615.9615244446775,1,1615.9615244446775,1631.6360119552812,56.474801393386386,79.52370090377445,85.18932030326074,66.37513624498685,2.5821062612160404,-0.6612355089009978,3.243341770117038,1615.199951171875,1627.699951171875,1610.2789562848907,1619.8400085449218,1629.401060804953,1.180493407940911,0.6495621271159046,3.7538238811593936,3148.9,1617.4249766666176,23081.0,0,1622.699951171875,1626.5999755859375,1621.4000244140625,1626.5999755859375,2971,0.0,-100.0
2025-04-24 09:46:00+05:30,1621.5,1623.4000244140625,1621.199951171875,1623.199951171875,690,1622.994854614509,1620.383898184619,19.113777878431414,25.326093336646984,21.562852148750842,1615.9615244446775,1,1615.9615244446775,1631.6360119552812,54.48156569089132,66.02758573852371,78.63332455578974,34.64321521722905,2.5821062612160404,-0.6612355089009978,3.243341770117038,1615.4000244140625,1627.699951171875,1611.3245364683598,1620.2900085449219,1629.255480621484,1.1066502946115615,0.5674806326284447,3.6428416926614013,3040.65,1617.4508426777847,22391.0,0,1621.5,1623.4000244140625,1621.199951171875,1623.199951171875,690,0.0,-100.0
2025-04-24 09:47:00+05:30,1620.800048828125,1621.800048828125,1620.699951171875,1621.199951171875,2091,1622.5558934572323,1620.4217300613013,17.815835035088302,24.555107162099347,22.044503160596484,1615.9615244446775,1,1615.9615244446775,1631.6360119552812,53.29983460278469,47.806897604452786,64.45272808225026,10.935005331142044,2.5821062612160404,-0.6612355089009978,3.243341770117038,1616.4000244140625,1627.699951171875,1612.2925948902327,1620.6650085449219,1629.037422199611,1.0332071847723932,0.5080645969473506,3.4612171186320153,3058.25,1617.5118748238215,20300.0,0,1620.800048828125,1621.800048828125,1620.699951171875,1621.199951171875,2091,100.0,0.0
2025-04-24 09:48:00+05:30,1622.5999755859375,1622.5999755859375,1620.9000244140625,1620.9000244140625,438,1622.5647098829734,1620.6197523817227,17.020277273805323,25.309897213815763,21.04185465532683,1615.9615244446775,1,1615.9615244446775,1631.6360119552812,55.94605296044901,46.3128405117624,53.382441284912915,22.80739204623884,2.5821062612160404,-0.6612355089009978,3.243341770117038,1616.4000244140625,1627.699951171875,1614.11632879843,1621.2450073242187,1628.3736858500074,0.8794079233655395,0.5950364262336325,3.342553521430621,2936.35,1617.5276597710379,20738.0,0,1622.5999755859375,1622.5999755859375,1620.9000244140625,1620.9000244140625,438,100.0,-100.0
2025-04-24 09:49:00+05:30,1621.4000244140625,1622.4000244140625,1620.300048828125,1621.9000244140625,2603,1622.3317727891913,1620.6906862028445,16.000852226857486,23.87576526879774,21.275677283314952,1615.9615244446775,1,1615.9615244446775,1631.6360119552812,53.75903597610048,46.99187388531328,47.03720400050944,-3.842549311941712,2.3212772826941546,-0.7376515899383067,3.0589288726324613,1616.4000244140625,1627.699951171875,1615.5553498586075,1621.655010986328,1627.7546721140486,0.7522760496402477,0.4790983001410712,3.268080181172184,2910.0,1617.6056912215813,18135.0,0,1621.4000244140625,1622.4000244140625,1620.300048828125,1621.9000244140625,2603,0.0,0.0
2025-04-24 09:50:00+05:30,1623.5999755859375,1624.9000244140625,1621.300048828125,1621.300048828125,1700,1622.5854133485404,1620.955167055853,16.130253166889034,27.736861296005188,19.491839931243142,1615.9615244446775,1,1615.9615244446775,1631.6360119552812,57.072288880345134,56.65377474127896,49.98616304611817,42.72471759599795,2.2659654724041047,-0.6343707201826851,2.90033619258679,1616.4000244140625,1627.0,1616.4951391360303,1622.0400085449219,1627.5848779538135,0.6836908312595468,0.640667608737016,3.291786995798278,2889.4,1617.6798542092042,19835.0,0,1623.5999755859375,1624.9000244140625,1621.300048828125,1621.300048828125,1700,200.0,0.0
2025-04-24 09:51:00+05:30,1622.5,1623.4000244140625,1622.5,1623.199951171875,417,1622.5683306788324,1621.0956064144118,16.246143837007672,26.88664390292775,18.894356994880365,1615.9615244446775,1,1615.9615244446775,1631.6360119552812,54.95213696179435,53.17947368709471,52.27504077122894,19.616876977463935,2.1090596999663376,-0.6330211940963619,2.7420808940626995,1616.4000244140625,1627.0,1617.327850393444,1622.3250061035155,1627.3221618135872,0.6160486574849461,0.5175093499820078,3.13522903795108,2750.05,1617.6962552522775,19418.0,0,1622.5,1623.4000244140625,1622.5,1623.199951171875,417,0.0,-200.0
2025-04-24 09:52:00+05:30,1623.0,1623.800048828125,1622.9000244140625,1623.0,854,1622.6546645430658,1621.2687331040108,16.510004293827933,26.934138925353427,18.213299479439044,1615.9615244446775,1,1615.9615244446775,1631.6360119552812,55.75670139733422,51.74188131842616,53.858376582266565,28.084863019133877,2.001978998484219,-0.5920815164627844,2.5940605149470035,1618.9000244140625,1627.0,1618.088800135669,1622.5950073242188,1627.1012145127686,0.5554321525962077,0.5449372009358827,3.004144737249217,2546.4,1617.732342446774,20272.0,0,1623.0,1623.800048828125,1622.9000244140625,1623.0,854,600.0,-100.0
2025-04-24 09:53:00+05:30,1624.9000244140625,1624.9000244140625,1623.0,1623.199951171875,1469,1623.1037365172651,1621.5988504958336,17.17501831862019,28.41563674252554,17.283273471179736,1616.0930108989176,1,1616.0930108989176,1631.6360119552812,58.77020473041976,52.43392287480524,52.45175929344199,62.59229967035162,2.046838185641491,-0.4377778634444103,2.484616049085901,1620.0,1627.0,1618.325295543865,1622.8200073242188,1627.3147191045725,0.5539384232469345,0.7313849242720554,2.925278999878737,2542.65,1617.8047851367194,21741.0,0,1624.9000244140625,1624.9000244140625,1623.0,1623.199951171875,1469,400.0,0.0
2025-04-24 09:54:00+05:30,1625.5999755859375,1627.5999755859375,1625.5999755859375,1626.199951171875,6099,1623.6029843309996,1621.9625891403884,18.672497116048586,33.43099954719579,16.064509483363512,1618.7186890570727,1,1618.7186890570727,1631.6360119552812,59.85500268480386,62.18053920642702,55.45211446655276,127.85564243045499,2.1144950418756707,-0.2960968057681841,2.410591847643855,1620.0,1627.5999755859375,1618.2760524599187,1622.8700073242187,1627.4639621885187,0.566151921419082,0.7971261519060172,2.9091841550213275,2661.35,1618.1771354217044,27840.0,1,1625.5999755859375,1627.5999755859375,1625.5999755859375,1626.199951171875,6099,0.0,-100.0
2025-04-24 09:55:00+05:30,1626.0,1626.5999755859375,1624.699951171875,1626.5,1406,1624.0823874647997,1622.3296264912622,19.487758979560354,31.69857894738494,17.621263404252748,1618.7186890570727,1,1618.7186890570727,1631.6360119552812,60.49473181930484,73.92226035936203,62.84557414686471,107.98039840479588,2.175316520196702,-0.188220261957722,2.363536782154424,1620.0,1627.5999755859375,1618.2005456163047,1622.9450073242188,1627.6894690321328,0.5846731326696468,0.8219535601568165,2.8371013163814114,2445.85,1618.2533508550284,29246.0,0,1626.0,1626.5999755859375,1624.699951171875,1626.5,1406,0.0,0.0
2025-04-24 09:56:00+05:30,1626.0,1627.0999755859375,1625.5999755859375,1625.5999755859375,1291,1624.4659099718397,1622.6632968102383,20.39182653893959,31.710113051665026,16.86707201388869,1619.0031269057602,1,1619.0031269057602,1631.6360119552812,60.49473181930484,76.61624620723751,70.90634859100881,113.07593195270036,2.1981787437223375,-0.13228643074566948,2.330465174468007,1620.300048828125,1627.5999755859375,1619.1274342401375,1623.365008544922,1627.6025828497063,0.5220728896433079,0.8109079942389519,2.7415940794970246,2151.7,1618.3262605250009,29246.0,0,1626.0,1627.0999755859375,1625.5999755859375,1625.5999755859375,1291,0.0,0.0
2025-04-24 09:57:00+05:30,1626.0999755859375,1626.0999755859375,1624.5,1624.5,703,1624.7927230946593,1622.9757221534837,20.553267702107245,30.23905834886633,19.175810747846228,1619.0031269057602,1,1619.0031269057602,1631.6360119552812,60.67636499659558,78.53882042106319,76.35910899588752,78.50304745905373,2.1990155326138847,-0.10515971348329778,2.3041752460971825,1620.300048828125,1627.5999755859375,1619.4043275374886,1623.6300048828125,1627.8556822281364,0.5205222042726286,0.7922573709819857,2.66004990138563,1998.65,1618.3621047964284,29949.0,0,1626.0999755859375,1626.0999755859375,1624.5,1624.5,703,400.0,0.0
2025-04-24 09:58:00+05:30,1626.0999755859375,1627.9000244140625,1625.800048828125,1626.699951171875,1949,1625.054173592915,1623.2597451927977,21.317571491481313,33.5321866339469,18.018068289109223,1619.8371031061656,1,1619.8371031061656,1631.6360119552812,60.67636499659559,77.94974195356131,77.70160286062061,104.87775650227745,2.174611130376661,-0.10365129257641703,2.278262422953078,1620.300048828125,1627.9000244140625,1619.7686801062455,1623.9000061035156,1628.0313321007857,0.5088153188918388,0.7662546460719415,2.6200445931393355,1974.35,1618.473639818337,29949.0,0,1626.0999755859375,1627.9000244140625,1625.800048828125,1626.699951171875,1949,0.0,0.0
2025-04-24 09:59:00+05:30,1625.800048828125,1627.4000244140625,1625.800048828125,1626.0999755859375,2408,1625.203348639957,1623.4906818869183,22.01461018148775,31.929429031536635,17.156848105457936,1619.8371031061656,1,1619.8371031061656,1631.6360119552812,59.72102482739382,76.04519102424668,77.511251132957,85.17638198871434,2.1067831977397873,-0.13718338017063259,2.24396657791042,1620.300048828125,1627.9000244140625,1620.0075834891588,1624.1000061035156,1628.1924287178724,0.5039618987718855,0.7077061541304882,2.5471825211963472,2014.4,1618.602952745133,27541.0,0,1625.800048828125,1627.4000244140625,1625.800048828125,1626.0999755859375,2408,0.0,0.0
2025-04-24 10:00:00+05:30,1625.9000244140625,1626.300048828125,1625.4000244140625,1625.4000244140625,1173,1625.3426837947782,1623.7097130257496,22.39545781565121,30.996231699751853,17.874924836759252,1619.8371031061656,1,1619.8371031061656,1631.6360119552812,59.94740198587165,74.122616810421,76.03918326274294,61.22309033476782,2.037607990162087,-0.16508687019866652,2.2026948603607535,1620.300048828125,1627.9000244140625,1620.612458769814,1624.3800048828125,1628.147550995811,0.4638749678860016,0.7017254050329722,2.4295283706867865,1945.95,1618.66070507589,28714.0,0,1625.9000244140625,1626.300048828125,1625.4000244140625,1625.4000244140625,1173,100.0,0.0
2025-04-24 10:01:00+05:30,1626.5,1626.800048828125,1625.0999755859375,1625.800048828125,5889,1625.5741470358225,1623.963375477954,22.929659562736965,30.88922790648839,16.91727985267196,1619.8371031061656,1,1619.8371031061656,1631.6360119552812,61.35123083649133,75.87711549066535,75.34830777511094,65.30781184910963,2.00805158663411,-0.15571461898131478,2.163766205615425,1620.300048828125,1627.9000244140625,1620.611394040469,1624.4900024414062,1628.3686108423435,0.47751705398103333,0.7591132373801975,2.3774244329368375,2180.35,1618.9475371842766,34603.0,1,1626.5,1626.800048828125,1625.0999755859375,1625.800048828125,5889,0.0,0.0
2025-04-24 10:02:00+05:30,1625.5,1626.199951171875,1625.5,1625.699951171875,370,1625.559317628658,1624.103068616322,23.418767226787825,29.8481820955346,16.347124348083984,1619.9211495381408,1,1619.9211495381408,1631.6360119552812,57.71994461181216,74.56110763102524,74.8536133107038,48.62558875763257,1.88223900168623,-0.22522176314335596,2.107460764829586,1620.300048828125,1627.9000244140625,1620.6358169358139,1624.445001220703,1628.2541855055922,0.4689828565481412,0.6384809319257786,2.279036973441349,2017.4,1618.9638627314637,34233.0,0,1625.5,1626.199951171875,1625.5,1625.699951171875,370,100.0,0.0
2025-04-24 10:03:00+05:30,1625.699951171875,1626.300048828125,1625.4000244140625,1625.5,635,1625.5874443373013,1624.2482397577357,23.907993815678633,29.24028959915194,15.82934539791583,1620.244085853858,1,1620.244085853858,1631.6360119552812,58.25202984183083,72.22154351063496,74.21992221077512,50.486465941388076,1.77816839184311,-0.26343389838918085,2.041602290232291,1620.300048828125,1627.9000244140625,1620.6337606944778,1624.4549987792968,1628.2762368641158,0.47046401256920006,0.6628990872780353,2.1805360763428596,1957.25,1618.9919727920953,34868.0,0,1625.699951171875,1626.300048828125,1625.4000244140625,1625.5,635,0.0,0.0
2025-04-24 10:04:00+05:30,1625.4000244140625,1626.0999755859375,1625.0,1626.0999755859375,522,1625.5499603526537,1624.3529474537654,24.045891473902785,28.08913405594844,16.60157422870895,1620.244085853858,1,1620.244085853858,1631.6360119552812,57.09140377530966,62.9299921972408,69.90421444630029,41.248080896513656,1.6524417807520422,-0.3113284075841989,1.963770188336241,1621.300048828125,1627.9000244140625,1620.6972898414283,1624.3799987792968,1628.0627077171653,0.45342948578977793,0.6384884947432333,2.103353184171048,1783.9,1619.0138973621315,34346.0,0,1625.4000244140625,1626.0999755859375,1625.0,1626.0999755859375,522,0.0,-300.0
2025-04-24 10:05:00+05:30,1625.0999755859375,1625.9000244140625,1625.0999755859375,1625.0999755859375,1890,1625.4599633993105,1624.4208591021447,24.172530188713232,27.237711127600765,16.09835611892905,1620.4221718218985,1,1620.4221718218985,1631.6360119552812,55.89165684812413,54.78945669337958,63.31366413375173,32.642144715098006,1.5111712612063002,-0.3620791417039526,1.8732504029102528,1622.5,1627.9000244140625,1620.8883652902314,1624.5,1628.1116347097686,0.444645701418113,0.583061499037362,2.0102600158820443,1729.85,1619.0904517816616,32456.0,0,1625.0999755859375,1625.9000244140625,1625.0999755859375,1625.0999755859375,1890,500.0,-100.0
2025-04-24 10:06:00+05:30,1625.9000244140625,1625.9000244140625,1625.0,1625.0999755859375,440,1625.547975602261,1624.5553286759555,24.203269178265,26.283554904382235,15.912883590943029,1620.609959522521,1,1620.609959522521,1631.6360119552812,58.401822977778,52.295604428550796,56.67168443972367,37.83348033395662,1.447089464247938,-0.340928750929852,1.78801821517779,1622.9000244140625,1627.9000244140625,1621.3373518447913,1624.7200012207031,1628.102650596615,0.41639782527085356,0.6744229244926248,1.930957472894934,1717.35,1619.108662784895,32896.0,0,1625.9000244140625,1625.9000244140625,1625.0,1625.0999755859375,440,600.0,0.0
2025-04-24 10:07:00+05:30,1626.0,1626.0,1625.300048828125,1625.9000244140625,453,1625.6383804818088,1624.6866624326867,24.286115212371623,25.92380194634244,15.455412160835298,1621.0839916464408,1,1621.0839916464408,1631.6360119552812,58.717981427668896,49.10007684709647,52.06171265634222,40.96662818725503,1.3883671405603764,-0.31972085969393094,1.7080880002543073,1623.0,1627.9000244140625,1622.0771732766727,1624.979998779297,1627.882824281921,0.3572752285941756,0.6756911016147868,1.84302845139351,1635.45,1619.1277843526902,33349.0,0,1626.0,1626.0,1625.300048828125,1625.9000244140625,453,400.0,-100.0
2025-04-24 10:08:00+05:30,1627.5,1627.5,1624.9000244140625,1626.0,2811,1626.010704385447,1624.9424203933515,25.115601134623326,29.111070114829968,13.92089471526127,1621.3105900403905,1,1621.3105900403905,1631.6360119552812,63.23310308476972,63.84528921434969,55.08032349666559,85.85079945351185,1.4461958939041324,-0.20951368508014,1.6557095789842724,1624.5,1627.9000244140625,1622.3399570783029,1625.225,1628.110042921697,0.35503304732539187,0.8942748967252596,1.8970961038609377,1754.1,1619.2592016119952,36160.0,0,1627.5,1627.5,1624.9000244140625,1626.0,2811,100.0,0.0
2025-04-24 10:09:00+05:30,1626.199951171875,1628.199951171875,1626.199951171875,1627.4000244140625,1558,1626.0485537427326,1625.0567413732174,26.185631948815626,29.56294523426703,12.858208723178954,1622.1994712218984,1,1622.1994712218984,1631.6360119552812,57.375889614229536,59.43240780179743,57.459257954414475,109.18283365553137,1.3713148580250163,-0.22751577676740498,1.5988306347924213,1624.5,1628.199951171875,1623.1504557787032,1625.4649963378906,1627.779536897078,0.2847850386691814,0.6587690548491393,1.9044463821565851,1701.85,1619.332318708626,34602.0,0,1626.199951171875,1628.199951171875,1626.199951171875,1627.4000244140625,1558,0.0,-100.0
2025-04-24 10:10:00+05:30,1626.699951171875,1628.4000244140625,1626.699951171875,1626.800048828125,630,1626.178833228561,1625.2061240821863,27.25810418765671,27.86918817993906,11.793143695594036,1622.3895338653335,1,1622.3895338653335,1631.6360119552812,58.95076658517755,63.529514807917565,62.26907060802151,142.4280893075295,1.3369058999085155,-0.20953978790712458,1.54644568781564,1624.5,1628.4000244140625,1623.4131055138898,1625.6199951171875,1627.8268847204852,0.27151358988280383,0.7446783140112139,1.9255625864445076,1648.35,1619.3630358051391,35232.0,0,1626.699951171875,1628.4000244140625,1626.699951171875,1626.800048828125,630,600.0,0.0
2025-04-24 10:11:00+05:30,1627.300048828125,1627.4000244140625,1627.300048828125,1627.300048828125,110,1626.4030763484739,1625.3964808772716,28.24711545299242,27.07758023493315,11.458166365585242,1622.4956061135658,1,1622.4956061135658,1631.6360119552812,60.82176237489353,56.975336666854815,59.979086425523214,146.1792759513262,1.3425829577242894,-0.1630901840730805,1.5056731417973699,1624.5,1628.4000244140625,1624.0551155061025,1625.8599975585937,1627.6648796110849,0.22202182908754672,0.8989322370244865,1.8380276332832928,1633.0,1619.368419812877,35342.0,0,1627.300048828125,1627.4000244140625,1627.300048828125,1627.300048828125,110,300.0,-100.0
2025-04-24 10:12:00+05:30,1627.199951171875,1627.300048828125,1626.800048828125,1627.300048828125,380,1626.562451313154,1625.5604327222356,28.613842476133936,26.492276021054938,13.290590745505115,1622.5310613713498,1,1622.5310613713498,1631.6360119552812,60.32782477521206,63.56432349480625,61.35639165652615,115.60866441104302,1.3237457061386522,-0.14554194852697422,1.4692876546656264,1624.9000244140625,1628.4000244140625,1624.7267225263863,1626.0699951171875,1627.4132677079888,0.1652170687405652,0.9205981951933744,1.7424542309059148,1609.3,1619.3864199884426,34962.0,0,1627.199951171875,1627.300048828125,1626.800048828125,1627.300048828125,380,600.0,-180.0
2025-04-24 10:13:00+05:30,1629.0,1629.0,1627.0999755859375,1627.0999755859375,1580,1627.0499610505233,1625.8731206565778,29.747550304363664,31.435492573319532,12.249061408715505,1623.4128917576522,1,1623.4128917576522,1631.6360119552812,65.71930230613066,78.09477306547618,66.21147774237902,226.80374991434397,1.4374953932522203,-0.025433809130724905,1.4629292023829452,1624.9000244140625,1629.0,1624.5201427094257,1626.2749938964844,1628.029845083543,0.21581235567720325,1.2764208508423667,1.753709243988528,1614.85,1619.4725164131821,36542.0,0,1629.0,1629.0,1627.0999755859375,1627.0999755859375,1580,700.0,0.0
2025-04-24 10:14:00+05:30,1628.0999755859375,1628.800048828125,1627.800048828125,1627.800048828125,469,1627.259963957606,1626.0755620137923,30.794525855169052,29.834297837583055,11.625144586047535,1623.7666770447777,1,1623.7666770447777,1631.6360119552812,61.23806509184403,81.25341579569431,74.30417078532552,170.07635446833683,1.4384369852452892,-0.01959377371012483,1.458030758955414,1624.9000244140625,1629.0,1624.504740779306,1626.3999938964844,1628.2952470136627,0.23306113186064445,0.9484840768878673,1.7141550959804188,1333.35,1619.4973777587727,36073.0,0,1628.0999755859375,1628.800048828125,1627.800048828125,1627.800048828125,469,0.0,-100.0
2025-04-24 10:15:00+05:30,1628.0999755859375,1629.0,1627.800048828125,1628.0999755859375,1670,1627.4279662832723,1626.25959961126,31.850436236553996,29.145575620790733,11.021076351700684,1623.9600044574875,1,1623.9600044574875,1631.6360119552812,61.23806509184403,85.36536953781722,81.57118613299583,148.80250510464057,1.4227822554933027,-0.028198802769689113,1.4509810582629918,1624.9000244140625,1629.0,1624.481660293489,1626.5049926757813,1628.5283250580735,0.24879510255466278,0.8941475271475827,1.6774262442586032,1346.55,1619.5854357001492,36073.0,0,1628.0999755859375,1629.0,1627.800048828125,1628.0999755859375,1670,400.0,0.0
2025-04-24 10:16:00+05:30,1628.9000244140625,1629.300048828125,1628.0,1628.800048828125,3132,1627.7223779094304,1626.4996382296965,32.961497912390705,28.795304773038755,10.392193474896827,1624.2639918047075,1,1624.2639918047075,1631.6360119552812,63.78394383310225,82.33489836752082,82.98456123367738,154.6395919353458,1.4581246699769963,0.005714889371203569,1.4524097806057927,1624.9000244140625,1629.300048828125,1624.3903469332806,1626.6499938964844,1628.9096408596881,0.27782829393937186,0.9978721353861423,1.6504707145347746,1438.6,1619.753901360881,39205.0,1,1628.9000244140625,1629.300048828125,1628.0,1628.800048828125,3132,500.0,0.0
2025-04-24 10:17:00+05:30,1626.5999755859375,1628.9000244140625,1626.4000244140625,1628.9000244140625,2284,1627.4978974447317,1626.5087598075365,32.248979216838386,25.77004735079418,16.047337686305816,1624.2639918047075,1,1624.2639918047075,1631.6360119552812,53.005450808728085,69.1972267765842,78.9658315606407,42.17831107240912,1.285718111901815,-0.13335333496318214,1.4190714468649972,1624.9000244140625,1629.300048828125,1624.4292199242216,1626.6749938964845,1628.9207678687474,0.27611833718343964,0.4832978938500708,1.7111513777822907,1517.65,1619.8538996660109,36921.0,0,1626.5999755859375,1628.9000244140625,1626.4000244140625,1628.9000244140625,2284,0.0,-280.0
2025-04-24 10:18:00+05:30,1626.0999755859375,1627.0,1626.0999755859375,1626.9000244140625,901,1627.218313072973,1626.471597605573,31.3052051811863,24.749897071461994,16.72074463601711,1624.2639918047075,1,1624.2639918047075,1631.6360119552812,50.98831576300385,52.27169741526796,67.93460751979093,-24.803897494517184,1.0961036505959783,-0.2583742370152151,1.3544778876111934,1624.9000244140625,1629.300048828125,1624.4292199242216,1626.6749938964845,1628.9207678687474,0.27611833718343964,0.3719776972997056,1.6532137375165912,1465.25,1619.8879417060796,36020.0,0,1626.0999755859375,1627.0,1626.0999755859375,1626.9000244140625,901,0.0,-400.0
2025-04-24 10:19:00+05:30,1629.4000244140625,1629.4000244140625,1626.199951171875,1626.300048828125,1869,1627.6546553411908,1626.7378182245266,31.69195837096695,31.206722548287082,14.485239763962129,1624.2639918047075,1,1624.2639918047075,1631.6360119552812,61.42297403119471,55.302168585564345,58.92369759247211,105.19529476820911,1.1983058606417671,-0.12493762157554089,1.323243482217308,1624.9000244140625,1629.4000244140625,1624.355801809761,1626.8549926757812,1629.3541835418014,0.3072419948024513,1.00917114272551,1.7708448154171919,1438.3,1619.9780735936995,37889.0,0,1629.4000244140625,1629.4000244140625,1626.199951171875,1626.300048828125,1869,400.0,0.0
2025-04-24 10:20:00+05:30,1627.5999755859375,1629.300048828125,1627.5999755859375,1629.300048828125,731,1627.6437193901402,1626.816196166473,32.0498434503373,28.925415594117247,13.426324392275395,1624.2639918047075,1,1624.2639918047075,1631.6360119552812,54.59516465896994,62.42346038444422,56.665775461758784,84.1372033587388,1.1211292712755494,-0.16169136875340695,1.2828206400289563,1624.9000244140625,1629.4000244140625,1624.4609453229104,1626.939990234375,1629.4190351458396,0.30474939780753313,0.6331128267403072,1.7729308163248925,1416.2,1620.012111826675,37158.0,0,1627.5999755859375,1629.300048828125,1627.5999755859375,1629.300048828125,731,0.0,-400.0
2025-04-24 10:21:00+05:30,1628.199951171875,1628.5,1627.699951171875,1627.699951171875,164,1627.7549657464872,1626.941992076055,32.381098999375666,27.822123294359347,12.914208662499616,1624.2639918047075,1,1624.2639918047075,1631.6360119552812,56.337350995805934,77.77687355324075,65.16750084108304,74.27395430353674,1.0957481808068223,-0.1496579673777072,1.2454061481845295,1624.9000244140625,1629.4000244140625,1624.4960458463247,1627.0249877929687,1629.5539297396126,0.3108670076511142,0.7323033513018324,1.710580359020436,1129.95,1620.0196783953718,37322.0,0,1628.199951171875,1628.5,1627.699951171875,1627.699951171875,164,100.0,0.0
2025-04-24 10:22:00+05:30,1628.199951171875,1629.0999755859375,1628.199951171875,1628.4000244140625,850,1627.8439628315648,1627.0563519938567,32.97637104383585,29.33672154494521,12.405153536552138,1624.2639918047075,1,1624.2639918047075,1631.6360119552812,56.337350995805934,65.65510097056706,68.6184783027506,91.01637693198595,1.0633755523106174,-0.1456244766991297,1.2090000290097471,1624.9000244140625,1629.4000244140625,1624.6833666406958,1627.1599853515625,1629.6366040624291,0.3044099821974868,0.7099567882107746,1.652683505809155,1153.95,1620.0604326104626,37322.0,0,1628.199951171875,1629.0999755859375,1628.199951171875,1628.4000244140625,850,0.0,-100.0
2025-04-24 10:23:00+05:30,1628.0,1628.0,1627.199951171875,1627.5,1512,1627.8751702652519,1627.1421381762334,32.4965111000467,28.017931144220164,16.323927955638688,1624.2639918047075,1,1624.2639918047075,1631.6360119552812,55.514056515794806,64.84734448820365,69.42643967067042,33.326007484378906,1.0099436210907697,-0.15924512633518195,1.1691887474259517,1626.0999755859375,1629.4000244140625,1624.8675985526681,1627.2749877929687,1629.6823770332692,0.29587983080420815,0.6505805947153018,1.6060632553942151,1197.8,1620.1254690841376,35810.0,0,1628.0,1628.0,1627.199951171875,1627.5,1512,0.0,0.0
2025-04-24 10:24:00+05:30,1627.9000244140625,1628.0,1627.0999755859375,1627.0999755859375,592,1627.880141095014,1627.211036925127,31.953455797522043,26.84756890866471,16.1038735204792,1624.2639918047075,1,1624.2639918047075,1631.6360119552812,55.08063307841004,58.58548494488423,63.02931013455159,22.312025109807813,0.948596407483592,-0.17647387195388786,1.1250702794374798,1626.0999755859375,1629.4000244140625,1625.1398861191979,1627.3999877929687,1629.6600894667395,0.2777561374860138,0.6106225943055846,1.555631909584807,1201.3,1620.1504132884618,35218.0,0,1627.9000244140625,1628.0,1627.0999755859375,1627.0999755859375,592,100.0,0.0
2025-04-24 10:25:00+05:30,1628.699951171875,1628.699951171875,1627.300048828125,1628.0999755859375,313,1628.0441031103862,1627.3463927657406,31.858015777372383,28.35381388509127,15.05478491695907,1624.2639918047075,1,1624.2639918047075,1631.6360119552812,57.91207643878501,63.635915267194406,62.35624823342736,61.94592674433356,0.9535339569049484,-0.13722905802602514,1.0907630149309735,1626.0999755859375,1629.4000244140625,1625.5163899405625,1627.5799865722656,1629.6435832039688,0.2535785213295904,0.7713622862150715,1.544508369168035,1122.45,1620.1645243772105,35531.0,0,1628.699951171875,1628.699951171875,1627.300048828125,1628.0999755859375,313,0.0,-100.0
2025-04-24 10:26:00+05:30,1628.9000244140625,1629.300048828125,1628.199951171875,1629.300048828125,1384,1628.2152873711216,1627.487632006497,32.09483624258634,29.718503100379827,14.267061464460781,1624.5713861705713,1,1624.5713861705713,1631.6360119552812,58.61473359842356,72.72693645039581,64.98277888749142,106.82246784303678,0.9624961821029956,-0.10261346626238232,1.065109648365378,1626.0999755859375,1629.4000244140625,1625.7419029557961,1627.7299865722657,1629.7180701887353,0.2442768312766845,0.7942627342492098,1.5127647468167467,1169.65,1620.2306746911772,36915.0,0,1628.9000244140625,1629.300048828125,1628.199951171875,1629.300048828125,1384,0.0,-100.0
2025-04-24 10:27:00+05:30,1629.199951171875,1629.199951171875,1628.199951171875,1628.800048828125,301,1628.4122201312723,1627.6432973851677,32.31429187220521,28.269932649349403,13.57164138927575,1624.6391987253892,1,1624.6391987253892,1631.6360119552812,59.70088988014479,85.85731547927303,74.07338906562101,107.16055885096655,0.9824750323018634,-0.06610769285081153,1.048582725152675,1626.0999755859375,1629.4000244140625,1625.970695702941,1627.8899841308594,1629.8092725587778,0.23580075393647262,0.8412637261707306,1.4761386934726932,1162.05,1620.2450382641264,37216.0,0,1629.199951171875,1629.199951171875,1628.199951171875,1628.800048828125,301,0.0,0.0
2025-04-24 10:28:00+05:30,1629.5,1629.800048828125,1629.0,1629.0,1025,1628.6297761050178,1627.8120885319706,32.84520572398566,30.14461162767589,13.023964893686305,1625.5053325637878,1,1625.5053325637878,1631.6360119552812,60.80902826936521,90.22556865206654,82.93660686057838,154.38268618228176,1.0108672000026218,-0.03017242012004262,1.0410396201226644,1626.0999755859375,1629.800048828125,1625.9573305041633,1627.9899841308593,1630.0226377575552,0.24971328405083848,0.8714395431934039,1.4278465602335721,1072.75,1620.2967861906359,38241.0,0,1629.5,1629.800048828125,1629.0,1629.0,1025,0.0,0.0
2025-04-24 10:29:00+05:30,1629.199951171875,1629.800048828125,1628.699951171875,1629.300048828125,395,1628.7438111183892,1627.938257862871,32.971730478956,28.448887459242496,13.823717810444972,1625.5053325637878,1,1625.5053325637878,1631.6360119552812,59.06007884845895,89.86982079923678,88.65090164352539,126.30722548822031,0.9976564026526376,-0.034706573976021504,1.032362976628659,1626.0999755859375,1629.800048828125,1626.2180993227705,1628.1399841308594,1630.0618689389482,0.2360834850591561,0.7757623757038968,1.4044359242347455,1014.6,1620.316139618083,37846.0,0,1629.199951171875,1629.800048828125,1628.699951171875,1629.300048828125,395,300.0,-200.0
2025-04-24 10:30:00+05:30,1629.0999755859375,1629.5,1627.5,1629.5,2496,1628.8150440118989,1628.043868564968,31.777485402485965,25.632549302856887,18.401591072077164,1625.5053325637878,1,1625.5053325637878,1631.6360119552812,58.45678235661864,85.58389143655218,88.55976029595176,62.176817894812054,0.9679614986980596,-0.051521182344479666,1.0194826810425393,1626.0999755859375,1629.800048828125,1626.414553755595,1628.2599853515626,1630.10541694753,0.22667529910084458,0.7275863912296691,1.446976215360835,1107.9,1620.4293215553578,35350.0,1,1629.0999755859375,1629.5,1627.5,1629.5,2496,0.0,0.0
2025-04-24 10:31:00+05:30,1630.5,1630.800048828125,1629.4000244140625,1629.4000244140625,4794,1629.152035209519,1628.2671532408801,31.49050232247011,29.86259970309815,16.871675541324322,1625.9434605591184,1,1625.9434605591184,1631.6360119552812,64.00225323872002,86.15900781203912,87.20424001594262,213.4113948437328,1.0453482195284778,0.020692430788750826,1.024655788739727,1626.0999755859375,1630.800048828125,1626.3895991035652,1628.4199829101562,1630.4503667167473,0.24936856927567078,1.0122226357133906,1.4650545744198824,1342.1,1620.6771062777873,40144.0,1,1630.5,1630.800048828125,1629.4000244140625,1629.4000244140625,4794,200.0,0.0
2025-04-24 10:32:00+05:30,1630.9000244140625,1631.0,1630.0,1630.800048828125,3231,1629.5016330504277,1628.506505165715,31.33909983125522,29.366397266332477,16.025901810176126,1626.4590815442223,1,1626.4590815442223,1631.6360119552812,65.42251147429863,90.87091814729298,87.53793913196135,214.40527176941666,1.1259768205084129,0.08105682541494863,1.0449199950934642,1626.0999755859375,1631.0,1626.387334961922,1628.6049865722657,1630.8226381826094,0.2723375684868976,1.0174477882576776,1.431836390532748,1484.65,1620.843857244075,43375.0,1,1630.9000244140625,1631.0,1630.0,1630.800048828125,3231,400.0,-200.0
2025-04-24 10:33:00+05:30,1630.699951171875,1631.0,1630.300048828125,1630.300048828125,1690,1629.7412966747172,1628.7059093480932,31.198695013664242,28.295389002467395,15.441428572995386,1626.8032124523,1,1626.8032124523,1631.6360119552812,64.0611485607421,94.61325560336178,90.54772718756455,176.14590857883488,1.1603554735177113,0.0923483827393976,1.0680070907783137,1626.199951171875,1631.0,1626.295062725277,1628.6899841308593,1631.0849055364417,0.29409174599430526,0.9196311069604551,1.3795588749143375,1490.15,1620.9291614923131,41685.0,0,1630.699951171875,1631.0,1630.300048828125,1630.300048828125,1690,100.0,0.0
2025-04-24 10:34:00+05:30,1629.300048828125,1630.699951171875,1628.800048828125,1630.699951171875,2161,1629.6530471053989,1628.759922028096,29.569700507046047,25.57933317209949,21.54366675663945,1626.8032124523,1,1626.8032124523,1631.6360119552812,55.377997358193554,82.2118220742479,89.2319986083008,75.75864573665166,1.0623937699806447,-0.004490656638135082,1.0668844266187798,1627.0999755859375,1631.0,1626.3570689584078,1628.7499877929688,1631.1429066275298,0.29383500874845775,0.6149351635357746,1.4167262655454562,1574.75,1621.0243904059291,39524.0,0,1629.300048828125,1630.699951171875,1628.800048828125,1630.699951171875,2161,0.0,-180.0
2025-04-24 10:35:00+05:30,1627.0,1629.699951171875,1626.699951171875,1629.699951171875,1892,1629.122437684319,1628.599929116451,28.351705202127295,21.991849157403244,28.35390400678784,1626.8032124523,1,1626.8032124523,1631.6360119552812,44.66573648073446,51.89869007689256,76.24125591816734,-68.80568840182865,0.7900564174444753,-0.22146240733944356,1.0115188247839189,1626.699951171875,1631.0,1626.196599658481,1628.6949890136718,1631.1933783688626,0.306796468589094,0.16078365444716158,1.5298172465779236,1585.85,1621.088920685574,37632.0,0,1627.0,1629.699951171875,1626.699951171875,1629.699951171875,1892,0.0,-200.0
2025-04-24 10:36:00+05:30,1626.699951171875,1628.0,1625.800048828125,1627.5,1666,1628.6379403818303,1628.4272038487622,27.74111503564377,19.79765785992707,29.609294998783895,1631.6360119552812,-1,1623.6499926774275,1631.6360119552812,43.48402039421323,26.898519523702607,53.66967722494761,-126.78491313123156,0.5437476858071477,-0.37421691118141687,0.9179645969885646,1625.800048828125,1631.0,1625.942794320869,1628.5849853515624,1631.2271763822557,0.32447689920497974,0.1432820038767644,1.5776839555277147,1512.55,1621.1366944882388,35966.0,0,1626.699951171875,1628.0,1625.800048828125,1627.5,1666,0.0,0.0
2025-04-24 10:37:00+05:30,1628.0,1628.9000244140625,1626.0,1626.699951171875,1902,1628.5103523054643,1628.3883671352385,26.470485406739385,21.195525163429885,25.936699477840392,1631.6360119552812,-1,1623.6499926774275,1631.6360119552812,49.69426313207088,22.196975955049286,33.664728518548074,-70.5398084698767,0.44828180331160183,-0.3757462349415702,0.8240280382531721,1625.800048828125,1631.0,1626.1565947743195,1628.6549865722657,1631.1533783702118,0.3068043039863695,0.36891836324388566,1.6721368454230565,1493.45,1621.197797826411,37868.0,0,1628.0,1628.9000244140625,1626.0,1626.699951171875,1902,80.0,0.0
2025-04-24 10:38:00+05:30,1626.5,1628.5,1626.5,1628.5,1580,1628.1082818443715,1628.2166973956714,25.291673842391685,19.406530772206423,23.747529380146222,1631.6360119552812,-1,1623.6499926774275,1631.6360119552812,43.724241817274674,24.357951077515377,24.484482185422348,-112.50922439404192,0.24871985203071745,-0.4602465489779637,0.7089664010086811,1625.800048828125,1631.0,1626.2535133293097,1628.6749877929688,1631.0964622566278,0.2973551484253325,0.05089598804147922,1.6955556421785525,1527.4,1621.2440715329815,36288.0,0,1626.5,1628.5,1626.5,1628.5,1580,0.0,-500.0
2025-04-24 10:39:00+05:30,1626.5999755859375,1626.5999755859375,1626.5,1626.5,147,1627.8066205926848,1628.0697226856955,24.197974868493013,19.31596012642138,23.636699211838167,1631.2772213189155,-1,1623.6499926774275,1631.2772213189155,44.20535749390999,23.717075919057233,23.424000983873892,-139.29255142485192,0.09750874204746651,-0.4891661271689717,0.5866748692164382,1625.800048828125,1631.0,1625.977421011056,1628.5349853515625,1631.0925496920688,0.3140938774433811,0.12170848745063223,1.5815856381613345,1441.3,1621.2479078233443,36435.0,0,1626.5999755859375,1626.5999755859375,1626.5,1626.5,147,360.0,0.0
2025-04-24 10:40:00+05:30,1626.699951171875,1626.699951171875,1626.199951171875,1626.199951171875,594,1627.5852867085227,1627.9451980026208,23.39570870951037,18.85470915143485,24.49958708279228,1630.854461345227,-1,1623.6499926774275,1630.854461345227,44.71436610580769,15.383351331048408,21.1527927758736,-125.37010472816569,-0.014097451135739902,-0.4806178562817425,0.46652040514600257,1625.800048828125,1631.0,1625.8382570798974,1628.4899841308593,1631.1417111818212,0.32566697699121966,0.16247790127287576,1.5043295211498104,1434.45,1621.2632565162985,37029.0,0,1626.699951171875,1626.699951171875,1626.199951171875,1626.199951171875,594,100.0,0.0
2025-04-24 10:41:00+05:30,1628.5,1628.5,1626.5,1626.5,1329,1627.768229366818,1627.9956345478372,22.205163344975453,25.467847602339017,22.223583593137366,1630.854461345227,-1,1623.6499926774275,1630.854461345227,53.024029035837586,28.203984537615224,22.434803929240218,-38.70899995933548,0.04221609264391191,-0.33944345000167253,0.38165954264558444,1625.800048828125,1631.0,1625.856599837272,1628.5049865722656,1631.1533733072592,0.32525374583814837,0.49905856418179206,1.5397345553533952,1492.7,1621.30566881546,38358.0,0,1628.5,1628.5,1626.5,1626.5,1329,400.0,0.0
2025-04-24 10:42:00+05:30,1629.9000244140625,1629.9000244140625,1628.5999755859375,1628.5999755859375,1290,1628.194588376267,1628.1687608993122,21.95664602173926,30.347563789067735,20.768268176597516,1630.854461345227,-1,1623.6499926774275,1630.854461345227,58.27675988283776,49.358342332190865,30.981892733618093,60.70927001512664,0.19753815464537183,-0.14729711040017007,0.3448352650455419,1625.800048828125,1631.0,1625.877857013872,1628.589990234375,1631.3021234548778,0.3330651958769047,0.7415136118285296,1.5297552595469026,1514.7,1621.3564867515306,39648.0,0,1629.9000244140625,1629.9000244140625,1628.5999755859375,1628.5999755859375,1290,500.0,0.0
2025-04-24 10:43:00+05:30,1629.9000244140625,1629.9000244140625,1628.699951171875,1629.9000244140625,1022,1628.535675583826,1628.3261484915622,21.72602265287855,28.61721338600436,19.58410784464859,1630.854461345227,-1,1623.6499926774275,1630.854461345227,58.276759882837744,69.87182496830836,49.14471727937141,57.07269640883773,0.3169780818016079,-0.022285746595147204,0.3392638283967551,1625.800048828125,1631.0,1625.9294178497844,1628.684991455078,1631.4405650603717,0.3383801802989294,0.7204682460033554,1.5062065440212309,1490.2,1621.3964636498958,39648.0,0,1629.9000244140625,1629.9000244140625,1628.699951171875,1629.9000244140625,1022,400.0,-260.0
2025-04-24 10:44:00+05:30,1627.5,1630.0,1626.4000244140625,1629.9000244140625,3367,1628.328540467061,1628.2510440832384,20.494959897065595,24.17039255676406,26.47626203766111,1630.854461345227,-1,1623.6499926774275,1630.854461345227,47.67756521768887,63.46150836502496,60.897225221841325,-38.53045044319991,0.21548914746267656,-0.09901974474726283,0.3145088922099394,1625.800048828125,1631.0,1625.8812531782626,1628.664990234375,1631.4487272904873,0.3418428065690525,0.29075066881461936,1.6557614755866787,1628.95,1621.5010322279336,36281.0,1,1627.5,1630.0,1626.4000244140625,1629.9000244140625,3367,0.0,-280.0
2025-04-24 10:45:00+05:30,1629.0999755859375,1629.5999755859375,1628.0999755859375,1628.0999755859375,471,1628.4828274908364,1628.3282196743928,19.352439449174952,22.01977480966445,24.120474109048466,1630.854461345227,-1,1623.6499926774275,1630.854461345227,53.72050740412343,58.332942078657844,63.88875847066365,19.655743689070484,0.2611526884120394,-0.04268496303831998,0.3038376514503594,1625.800048828125,1631.0,1625.8947961572603,1628.684991455078,1631.4751867528958,0.3426316706369276,0.5743647104530704,1.6874910548974518,1636.85,1621.5175425560628,36752.0,0,1629.0999755859375,1629.5999755859375,1628.0999755859375,1628.0999755859375,471,100.0,0.0
2025-04-24 10:46:00+05:30,1627.4000244140625,1629.5,1627.4000244140625,1629.0,1299,1628.2662668754815,1628.24383828709,18.734903029827514,20.094238073866013,24.92660513080937,1630.854461345227,-1,1623.6499926774275,1630.854461345227,47.44997703753231,42.307150570449316,54.70053367137731,-29.849400628461385,0.15834422742887,-0.11639473921719151,0.2747389666460615,1625.800048828125,1631.0,1625.7668118930446,1628.6099914550782,1631.4531710171118,0.34915413474693846,0.2872158591084048,1.7169542356860266,1632.6,1621.557625403573,35453.0,0,1627.4000244140625,1629.5,1627.4000244140625,1629.0,1299,100.0,-100.0
2025-04-24 10:47:00+05:30,1628.699951171875,1629.0999755859375,1627.4000244140625,1627.4000244140625,307,1628.3530037347603,1628.2853030947979,18.161739752326092,18.670570255617072,23.16056625874654,1630.854461345227,-1,1623.6499926774275,1630.854461345227,52.05831753087361,51.13754534528621,50.59254599813105,-9.995629137011843,0.17968965631393985,-0.07603944826569731,0.25572910457963716,1625.800048828125,1631.0,1625.7542357114082,1628.5849914550781,1631.415747198748,0.3476337751511176,0.5203054815050622,1.715739731128096,1632.9,1621.567458264929,35760.0,0,1628.699951171875,1629.0999755859375,1627.4000244140625,1627.4000244140625,307,100.0,0.0
2025-04-24 10:48:00+05:30,1628.0,1628.800048828125,1626.5999755859375,1628.0,761,1628.2824029878082,1628.2593664498163,18.135159162408662,16.992964999596413,24.347722176309688,1630.854461345227,-1,1623.6499926774275,1630.854461345227,49.53916824130623,47.44410298261382,46.96293296611638,-42.578974067757045,0.13852897684273557,-0.09376010218952127,0.23228907903225685,1625.800048828125,1630.699951171875,1625.7007792961333,1628.509991455078,1631.3192036140229,0.3450039820062431,0.40922873990591585,1.7503349819180534,1619.7,1621.589581154092,34999.0,0,1628.0,1628.800048828125,1626.5999755859375,1628.0,761,500.0,-200.0
2025-04-24 10:49:00+05:30,1628.0,1628.9000244140625,1627.0,1627.0,514,1628.2259223902465,1628.2357876816511,18.021698879135542,16.08813048727118,22.469698659551725,1630.854461345227,-1,1623.6499926774275,1630.854461345227,49.53916824130623,54.64788584178283,51.076511389894215,-28.8453889032894,0.10470190344699404,-0.10206974046821024,0.20677164391520428,1625.800048828125,1630.0,1625.6510506135203,1628.4499938964843,1631.2489371794484,0.34375550903676894,0.41961360931762226,1.7610270842140852,1625.65,1621.6048335255307,34999.0,0,1628.0,1628.9000244140625,1627.0,1627.0,514,0.0,0.0
2025-04-24 10:50:00+05:30,1627.9000244140625,1628.5,1627.0999755859375,1627.699951171875,913,1628.1607427950098,1628.205263748234,17.916381626703203,15.159951034111273,21.173344640606413,1630.854461345227,-1,1623.6499926774275,1630.854461345227,49.14521867290684,50.75380262895871,50.94859715111838,-34.460552521775725,0.06903076611411052,-0.11019270224087502,0.17922346835498554,1625.800048828125,1630.0,1625.5979213534074,1628.3899963378906,1631.1820713223738,0.3429246053786029,0.41225666814983936,1.7352411792032576,1546.5,1621.631182550985,34086.0,0,1627.9000244140625,1628.5,1627.0999755859375,1627.699951171875,913,200.0,0.0
2025-04-24 10:51:00+05:30,1627.5,1627.5999755859375,1626.300048828125,1627.5999755859375,49,1628.0285942360078,1628.141148862031,18.350198585380166,14.155031203440256,23.083719519325033,1630.854461345227,-1,1623.6499926774275,1630.854461345227,47.5169803386518,44.69746026214046,50.03304957762725,-74.78810383168532,0.008385838978028914,-0.1366701035015653,0.14505594247959422,1626.0,1630.0,1625.5992240412872,1628.2399963378907,1630.8807686344942,0.3243713829095084,0.3598901656832568,1.7255793511128463,1309.25,1621.6324314891654,34037.0,0,1627.5,1627.5999755859375,1626.300048828125,1627.5999755859375,49,500.0,0.0
2025-04-24 10:52:00+05:30,1627.199951171875,1627.9000244140625,1627.0,1627.0999755859375,555,1627.8628656231813,1628.0555854356533,18.445002822806956,14.895165547510167,22.192003358526474,1630.854461345227,-1,1623.6499926774275,1630.854461345227,46.27845283480551,36.00914445062792,43.82013578057562,-55.41045057228209,-0.06315907699308809,-0.16657201557814585,0.10341293858505776,1626.199951171875,1630.0,1625.6805534114985,1628.0549926757812,1630.429431940064,0.2916903022274734,0.3199487523711116,1.6666111413235358,1175.45,1621.6471364697215,33482.0,0,1627.199951171875,1627.9000244140625,1627.0,1627.0999755859375,555,400.0,0.0
2025-04-24 10:53:00+05:30,1632.5999755859375,1632.800048828125,1627.0,1627.0,5337,1628.8102876157325,1628.4687118129518,18.96277324411661,29.601941315674022,17.504728593733812,1623.6499926774275,1,1623.6499926774275,1630.854461345227,64.30886493774881,52.49848503108043,44.40169658128286,218.15057816463568,0.31227815380384527,0.16709217217503,0.14518598162881527,1626.199951171875,1632.800048828125,1625.2631143123074,1628.1499938964844,1631.0368734806614,0.354620838988934,1.2707251999431328,1.9618566903807833,1357.8,1621.8674145906346,38819.0,1,1632.5999755859375,1632.800048828125,1627.0,1627.0,5337,400.0,0.0
2025-04-24 10:54:00+05:30,1635.5999755859375,1636.0,1631.5,1632.699951171875,5638,1630.1682252097735,1629.117008519587,20.562491279021845,35.83298391711877,14.87863550627812,1626.7749714370284,1,1626.7749714370284,1630.854461345227,70.27724439197543,73.05336654501492,53.853665342241015,346.6666759672728,0.8421816462650895,0.5575965317090193,0.28458511455607016,1626.199951171875,1636.0,1624.1321963173675,1628.464990234375,1632.7977841513823,0.5321322770818427,1.3233700342353967,2.14315264106787,1531.65,1622.1773150177382,44457.0,1,1635.5999755859375,1636.0,1631.5,1632.699951171875,5638,0.0,0.0
