timestamp,symbol,action,quantity,price,transaction_cost,position_after,cash_after,portfolio_value
1777778986.077281,^NSEI,HOLD,0.0,100.32150209099439,0.0,0.0,100000.0,100000.0
1777778987.077856,^NSEI,HOLD,0.0,99.81374155633748,0.0,0.0,100000.0,100000.0
1777778988.078225,^NSEI,HOLD,0.0,99.89785213855745,0.0,0.0,100000.0,100000.0
1777778989.078583,^NSEI,HOLD,0.0,100.18059869133869,0.0,0.0,100000.0,100000.0
1777778990.078901,^NSEI,HOLD,0.0,99.95895702927847,0.0,0.0,100000.0,100000.0
1777778991.07924,^NSEI,HOLD,0.0,99.59752066356138,0.0,0.0,100000.0,100000.0
1777778992.079587,^NSEI,HOLD,0.0,99.35959780174547,0.0,0.0,100000.0,100000.0
1777778993.079868,^NSEI,HOLD,0.0,99.14382247056805,0.0,0.0,100000.0,100000.0
1777778994.080199,^NSEI,HOLD,0.0,98.97587407676993,0.0,0.0,100000.0,100000.0
1777778995.080495,^NSEI,HOLD,0.0,98.757524311963,0.0,0.0,100000.0,100000.0
1777778996.080761,^NSEI,HOLD,0.0,98.66015656386347,0.0,0.0,100000.0,100000.0
1777778997.08104,^NSEI,HOLD,0.0,98.64636118083648,0.0,0.0,100000.0,100000.0
1777778998.081317,^NSEI,HOLD,0.0,98.6414809179134,0.0,0.0,100000.0,100000.0
1777778999.081593,^NSEI,HOLD,0.0,98.72267333220609,0.0,0.0,100000.0,100000.0
1777779000.081859,^NSEI,HOLD,0.0,98.82787113222018,0.0,0.0,100000.0,100000.0
1777779001.082143,^NSEI,HOLD,0.0,98.86377576992132,0.0,0.0,100000.0,100000.0
1777779002.082421,^NSEI,HOLD,0.0,98.92026280808969,0.0,0.0,100000.0,100000.0
1777779003.082716,^NSEI,HOLD,0.0,98.9136538850705,0.0,0.0,100000.0,100000.0
1777779004.083,^NSEI,HOLD,0.0,98.9594726811129,0.0,0.0,100000.0,100000.0
1777779005.083268,^NSEI,HOLD,0.0,98.99923298514548,0.0,0.0,100000.0,100000.0
1777779006.083562,^NSEI,HOLD,0.0,99.02651979402896,0.0,0.0,100000.0,100000.0
1777779007.083834,^NSEI,HOLD,0.0,99.01721304000488,0.0,0.0,100000.0,100000.0
1777779008.084117,^NSEI,HOLD,0.0,99.07055151215775,0.0,0.0,100000.0,100000.0
1777779009.084397,^NSEI,HOLD,0.0,99.11310455801079,0.0,0.0,100000.0,100000.0
1777779010.084672,^NSEI,HOLD,0.0,99.13306033724233,0.0,0.0,100000.0,100000.0
1777779011.084973,^NSEI,HOLD,0.0,99.13627903250419,0.0,0.0,100000.0,100000.0
1777779012.085277,^NSEI,HOLD,0.0,99.1639973948683,0.0,0.0,100000.0,100000.0
1777779013.085589,^NSEI,HOLD,0.0,99.20681071277079,0.0,0.0,100000.0,100000.0
1777779014.085905,^NSEI,HOLD,0.0,99.26555426508853,0.0,0.0,100000.0,100000.0
1777779015.08621,^NSEI,HOLD,0.0,99.33980301091773,0.0,0.0,100000.0,100000.0
1777779016.086516,^NSEI,HOLD,0.0,99.50016333200551,0.0,0.0,100000.0,100000.0
1777779017.086835,^NSEI,HOLD,0.0,99.63490982848548,0.0,0.0,100000.0,100000.0
1777779018.087145,^NSEI,HOLD,0.0,99.7417472751791,0.0,0.0,100000.0,100000.0
1777779019.08742,^NSEI,HOLD,0.0,99.81067305326596,0.0,0.0,100000.0,100000.0
1777779020.087701,^NSEI,HOLD,0.0,99.90101534126798,0.0,0.0,100000.0,100000.0
1777779021.08799,^NSEI,HOLD,0.0,100.03167078423066,0.0,0.0,100000.0,100000.0
1777779022.088264,^NSEI,HOLD,0.0,100.15203434506131,0.0,0.0,100000.0,100000.0
1777779023.088714,^NSEI,HOLD,0.0,100.23478432221673,0.0,0.0,100000.0,100000.0
1777779024.089078,^NSEI,HOLD,0.0,100.28308145500546,0.0,0.0,100000.0,100000.0
1777779025.089466,^NSEI,HOLD,0.0,100.3540226151428,0.0,0.0,100000.0,100000.0
1777779026.089758,^NSEI,HOLD,0.0,100.44996288500339,0.0,0.0,100000.0,100000.0
1777779027.090059,^NSEI,HOLD,0.0,100.56239131994491,0.0,0.0,100000.0,100000.0
1777779028.090344,^NSEI,HOLD,0.0,100.64604349183423,0.0,0.0,100000.0,100000.0
1777779029.090634,^NSEI,HOLD,0.0,100.73521768161659,0.0,0.0,100000.0,100000.0
1777779030.090915,^NSEI,HOLD,0.0,100.82552254828342,0.0,0.0,100000.0,100000.0
1777779031.09132,^NSEI,HOLD,0.0,100.92061062056021,0.0,0.0,100000.0,100000.0
1777779032.091838,^NSEI,HOLD,0.0,101.04365364425513,0.0,0.0,100000.0,100000.0
1777779033.092283,^NSEI,HOLD,0.0,101.17042643160462,0.0,0.0,100000.0,100000.0
1777779034.092675,^NSEI,HOLD,0.0,101.3170894023686,0.0,0.0,100000.0,100000.0
1777779035.093058,^NSEI,HOLD,0.0,101.4610893109139,0.0,0.0,100000.0,100000.0
1777779036.093452,^NSEI,HOLD,0.0,101.6104839252412,0.0,0.0,100000.0,100000.0
1777779037.093772,^NSEI,HOLD,0.0,101.77728061951925,0.0,0.0,100000.0,100000.0
1777779038.09409,^NSEI,HOLD,0.0,101.88653983985796,0.0,0.0,100000.0,100000.0
1777779039.094371,^NSEI,HOLD,0.0,101.98121335305555,0.0,0.0,100000.0,100000.0
1777779040.094653,^NSEI,HOLD,0.0,102.05673157776451,0.0,0.0,100000.0,100000.0
1777779041.094938,^NSEI,HOLD,0.0,102.10816629961616,0.0,0.0,100000.0,100000.0
1777779042.095239,^NSEI,HOLD,0.0,102.14902814135883,0.0,0.0,100000.0,100000.0
1777779043.095534,^NSEI,HOLD,0.0,102.2397398940803,0.0,0.0,100000.0,100000.0
1777779044.095841,^NSEI,HOLD,0.0,102.29820028266946,0.0,0.0,100000.0,100000.0
1777779045.09618,^NSEI,HOLD,0.0,102.38807847090739,0.0,0.0,100000.0,100000.0
1777779046.096474,^NSEI,HOLD,0.0,102.4180263181234,0.0,0.0,100000.0,100000.0
1777779047.096755,^NSEI,HOLD,0.0,102.43638356963534,0.0,0.0,100000.0,100000.0
1777779048.097083,^NSEI,HOLD,0.0,102.4601860300935,0.0,0.0,100000.0,100000.0
1777779049.097369,^NSEI,HOLD,0.0,102.50333700678178,0.0,0.0,100000.0,100000.0
1777779050.097652,^NSEI,HOLD,0.0,102.56943059211649,0.0,0.0,100000.0,100000.0
1777779051.097939,^NSEI,HOLD,0.0,102.6605777344349,0.0,0.0,100000.0,100000.0
1777779052.09824,^NSEI,HOLD,0.0,102.7375224068368,0.0,0.0,100000.0,100000.0
1777779053.098543,^NSEI,HOLD,0.0,102.79699727586762,0.0,0.0,100000.0,100000.0
1777779054.098834,^NSEI,HOLD,0.0,102.88380530105655,0.0,0.0,100000.0,100000.0
1777779055.09913,^NSEI,HOLD,0.0,102.96194312197666,0.0,0.0,100000.0,100000.0
1777779056.099415,^NSEI,HOLD,0.0,102.99535786726382,0.0,0.0,100000.0,100000.0
1777779057.099696,^NSEI,HOLD,0.0,102.9908414184654,0.0,0.0,100000.0,100000.0
1777779058.10005,^NSEI,HOLD,0.0,102.95709461905545,0.0,0.0,100000.0,100000.0
1777779059.100362,^NSEI,HOLD,0.0,102.94117972383386,0.0,0.0,100000.0,100000.0
1777779060.100655,^NSEI,HOLD,0.0,102.93105976791146,0.0,0.0,100000.0,100000.0
1777779061.100943,^NSEI,HOLD,0.0,102.94434590810738,0.0,0.0,100000.0,100000.0
1777779062.101241,^NSEI,HOLD,0.0,102.94389147201463,0.0,0.0,100000.0,100000.0
1777779063.101535,^NSEI,HOLD,0.0,102.94925631774784,0.0,0.0,100000.0,100000.0
1777779064.101821,^NSEI,HOLD,0.0,102.9754544405161,0.0,0.0,100000.0,100000.0
1777779065.102165,^NSEI,HOLD,0.0,102.99133638756064,0.0,0.0,100000.0,100000.0
1777779066.102492,^NSEI,HOLD,0.0,103.02224918569682,0.0,0.0,100000.0,100000.0
1777779067.102809,^NSEI,HOLD,0.0,103.03115367767035,0.0,0.0,100000.0,100000.0
1777779068.103123,^NSEI,HOLD,0.0,103.02862249027885,0.0,0.0,100000.0,100000.0
1777779069.103466,^NSEI,HOLD,0.0,103.01446394407057,0.0,0.0,100000.0,100000.0
1777779070.103784,^NSEI,HOLD,0.0,102.96286075957967,0.0,0.0,100000.0,100000.0
1777779071.104086,^NSEI,HOLD,0.0,102.92904642917406,0.0,0.0,100000.0,100000.0
1777779072.104384,^NSEI,HOLD,0.0,102.8819408832997,0.0,0.0,100000.0,100000.0
1777779073.104675,^NSEI,HOLD,0.0,102.83737080859358,0.0,0.0,100000.0,100000.0
1777779074.104985,^NSEI,HOLD,0.0,102.81014961849118,0.0,0.0,100000.0,100000.0
1777779075.10528,^NSEI,HOLD,0.0,102.79870306331338,0.0,0.0,100000.0,100000.0
1777779076.105582,^NSEI,HOLD,0.0,102.80961628962991,0.0,0.0,100000.0,100000.0
1777779077.105906,^NSEI,HOLD,0.0,102.81764833029077,0.0,0.0,100000.0,100000.0
1777779078.106262,^NSEI,HOLD,0.0,102.81241418894699,0.0,0.0,100000.0,100000.0
1777779079.106565,^NSEI,HOLD,0.0,102.80542737894011,0.0,0.0,100000.0,100000.0
1777779080.106871,^NSEI,HOLD,0.0,102.74515249533702,0.0,0.0,100000.0,100000.0
1777779081.107207,^NSEI,HOLD,0.0,102.64175884434815,0.0,0.0,100000.0,100000.0
1777779082.107551,^NSEI,HOLD,0.0,102.50112828757992,0.0,0.0,100000.0,100000.0
1777779083.108193,^NSEI,HOLD,0.0,102.33495376371823,0.0,0.0,100000.0,100000.0
1777779084.108647,^NSEI,HOLD,0.0,102.18676150882449,0.0,0.0,100000.0,100000.0
1777779085.108996,^NSEI,HOLD,0.0,102.01623744698684,0.0,0.0,100000.0,100000.0
1777779086.109308,^NSEI,HOLD,0.0,101.84025684772921,0.0,0.0,100000.0,100000.0
1777779087.109726,^NSEI,HOLD,0.0,101.7095130530668,0.0,0.0,100000.0,100000.0
1777779088.110122,^NSEI,HOLD,0.0,101.57262485486665,0.0,0.0,100000.0,100000.0
1777779089.110466,^NSEI,HOLD,0.0,101.4630480343369,0.0,0.0,100000.0,100000.0
1777779090.110793,^NSEI,HOLD,0.0,101.32894907386128,0.0,0.0,100000.0,100000.0
1777779091.111122,^NSEI,HOLD,0.0,101.19343389736649,0.0,0.0,100000.0,100000.0
1777779092.111435,^NSEI,HOLD,0.0,101.03402563646482,0.0,0.0,100000.0,100000.0
1777779093.111734,^NSEI,HOLD,0.0,100.87005041629114,0.0,0.0,100000.0,100000.0
1777779094.112066,^NSEI,HOLD,0.0,100.73691254995462,0.0,0.0,100000.0,100000.0
1777779095.112374,^NSEI,HOLD,0.0,100.55650702634316,0.0,0.0,100000.0,100000.0
1777779096.112672,^NSEI,HOLD,0.0,100.39520365438399,0.0,0.0,100000.0,100000.0
1777779097.113003,^NSEI,HOLD,0.0,100.24661281511246,0.0,0.0,100000.0,100000.0
1777779098.113359,^NSEI,HOLD,0.0,100.08555232691376,0.0,0.0,100000.0,100000.0
1777779099.113657,^NSEI,HOLD,0.0,99.88726018587924,0.0,0.0,100000.0,100000.0
1777779100.113983,^NSEI,HOLD,0.0,99.69785870616684,0.0,0.0,100000.0,100000.0
1777779101.11429,^NSEI,HOLD,0.0,99.49947980804474,0.0,0.0,100000.0,100000.0
1777779102.114582,^NSEI,HOLD,0.0,99.31464930638992,0.0,0.0,100000.0,100000.0
1777779103.11488,^NSEI,HOLD,0.0,99.13681311658036,0.0,0.0,100000.0,100000.0
1777779104.115191,^NSEI,HOLD,0.0,99.01183685521792,0.0,0.0,100000.0,100000.0
1777779105.115492,^NSEI,HOLD,0.0,98.88426135709508,0.0,0.0,100000.0,100000.0
1777779106.115799,^NSEI,HOLD,0.0,98.7309920894095,0.0,0.0,100000.0,100000.0
1777779107.116122,^NSEI,HOLD,0.0,98.58834070967075,0.0,0.0,100000.0,100000.0
1777779108.116442,^NSEI,HOLD,0.0,98.4571807347913,0.0,0.0,100000.0,100000.0
1777779109.116737,^NSEI,HOLD,0.0,98.37066193930642,0.0,0.0,100000.0,100000.0
1777779110.117047,^NSEI,HOLD,0.0,98.31232844229459,0.0,0.0,100000.0,100000.0
1777779111.117358,^NSEI,HOLD,0.0,98.26714254307025,0.0,0.0,100000.0,100000.0
1777779112.117656,^NSEI,HOLD,0.0,98.26811692063967,0.0,0.0,100000.0,100000.0
1777779113.118026,^NSEI,HOLD,0.0,98.23327800912342,0.0,0.0,100000.0,100000.0
1777779114.118366,^NSEI,HOLD,0.0,98.18077360881153,0.0,0.0,100000.0,100000.0
1777779115.118694,^NSEI,HOLD,0.0,98.10264690469667,0.0,0.0,100000.0,100000.0
1777779116.119024,^NSEI,HOLD,0.0,98.01593744828286,0.0,0.0,100000.0,100000.0
1777779117.119381,^NSEI,HOLD,0.0,97.89165943594553,0.0,0.0,100000.0,100000.0
1777779118.1197,^NSEI,HOLD,0.0,97.79043814703395,0.0,0.0,100000.0,100000.0
1777779119.120015,^NSEI,HOLD,0.0,97.68641193592738,0.0,0.0,100000.0,100000.0
1777779120.120338,^NSEI,HOLD,0.0,97.5429582745519,0.0,0.0,100000.0,100000.0
1777779121.120648,^NSEI,HOLD,0.0,97.3751197136402,0.0,0.0,100000.0,100000.0
1777779122.120952,^NSEI,HOLD,0.0,97.2220810157629,0.0,0.0,100000.0,100000.0
1777779123.121272,^NSEI,HOLD,0.0,97.09851564275311,0.0,0.0,100000.0,100000.0
1777779124.121574,^NSEI,HOLD,0.0,97.03735748307736,0.0,0.0,100000.0,100000.0
1777779125.121878,^NSEI,HOLD,0.0,97.06500800727041,0.0,0.0,100000.0,100000.0
1777779126.12222,^NSEI,HOLD,0.0,97.10504196614221,0.0,0.0,100000.0,100000.0
1777779127.122549,^NSEI,HOLD,0.0,97.11414037480384,0.0,0.0,100000.0,100000.0
1777779128.122886,^NSEI,HOLD,0.0,97.05890997757912,0.0,0.0,100000.0,100000.0
1777779129.123224,^NSEI,HOLD,0.0,97.01394005123026,0.0,0.0,100000.0,100000.0
1777779130.123524,^NSEI,HOLD,0.0,96.94676657074822,0.0,0.0,100000.0,100000.0
1777779131.123867,^NSEI,HOLD,0.0,96.8700097601239,0.0,0.0,100000.0,100000.0
1777779132.124202,^NSEI,HOLD,0.0,96.77822733229497,0.0,0.0,100000.0,100000.0
1777779133.124509,^NSEI,HOLD,0.0,96.68577142219956,0.0,0.0,100000.0,100000.0
1777779134.124994,^NSEI,HOLD,0.0,96.62791010995267,0.0,0.0,100000.0,100000.0
1777779135.12554,^NSEI,HOLD,0.0,96.57707736777321,0.0,0.0,100000.0,100000.0
1777779136.125932,^NSEI,HOLD,0.0,96.52372772459326,0.0,0.0,100000.0,100000.0
1777779137.126389,^NSEI,HOLD,0.0,96.44204521939324,0.0,0.0,100000.0,100000.0
1777779138.126751,^NSEI,HOLD,0.0,96.31453704699389,0.0,0.0,100000.0,100000.0
1777779139.127129,^NSEI,HOLD,0.0,96.17759394325505,0.0,0.0,100000.0,100000.0
1777779140.127457,^NSEI,HOLD,0.0,96.04394827593455,0.0,0.0,100000.0,100000.0
1777779141.127822,^NSEI,HOLD,0.0,95.9656052379155,0.0,0.0,100000.0,100000.0
1777779142.128138,^NSEI,HOLD,0.0,95.89407673363289,0.0,0.0,100000.0,100000.0
1777779143.128449,^NSEI,HOLD,0.0,95.85401364698721,0.0,0.0,100000.0,100000.0
1777779144.128757,^NSEI,HOLD,0.0,95.80108235630033,0.0,0.0,100000.0,100000.0
1777779145.129075,^NSEI,HOLD,0.0,95.71565531459063,0.0,0.0,100000.0,100000.0
1777779146.129391,^NSEI,HOLD,0.0,95.6055100461188,0.0,0.0,100000.0,100000.0
1777779147.129719,^NSEI,HOLD,0.0,95.47855835145972,0.0,0.0,100000.0,100000.0
1777779148.13007,^NSEI,HOLD,0.0,95.41677192746316,0.0,0.0,100000.0,100000.0
1777779149.130377,^NSEI,HOLD,0.0,95.33358603045497,0.0,0.0,100000.0,100000.0
1777779150.130689,^NSEI,HOLD,0.0,95.2777745318546,0.0,0.0,100000.0,100000.0
1777779151.131012,^NSEI,HOLD,0.0,95.1979916878457,0.0,0.0,100000.0,100000.0
1777779152.131337,^NSEI,HOLD,0.0,95.14815558459053,0.0,0.0,100000.0,100000.0
1777779153.131651,^NSEI,HOLD,0.0,95.11166925014395,0.0,0.0,100000.0,100000.0
1777779154.131968,^NSEI,HOLD,0.0,95.07232170795498,0.0,0.0,100000.0,100000.0
1777779155.132285,^NSEI,HOLD,0.0,95.03359255611016,0.0,0.0,100000.0,100000.0
1777779156.132592,^NSEI,HOLD,0.0,94.97752893735245,0.0,0.0,100000.0,100000.0
1777779157.132922,^NSEI,HOLD,0.0,94.93673664640528,0.0,0.0,100000.0,100000.0
1777779158.133246,^NSEI,HOLD,0.0,94.88453161432527,0.0,0.0,100000.0,100000.0
1777779159.13356,^NSEI,HOLD,0.0,94.79895341098761,0.0,0.0,100000.0,100000.0
1777779160.133877,^NSEI,HOLD,0.0,94.67996208312026,0.0,0.0,100000.0,100000.0
1777779161.134193,^NSEI,HOLD,0.0,94.57012876253904,0.0,0.0,100000.0,100000.0
1777779162.134506,^NSEI,HOLD,0.0,94.50908593387737,0.0,0.0,100000.0,100000.0
1777779163.134839,^NSEI,HOLD,0.0,94.4551319292758,0.0,0.0,100000.0,100000.0
1777779164.135223,^NSEI,HOLD,0.0,94.4000089106659,0.0,0.0,100000.0,100000.0
1777779165.135575,^NSEI,HOLD,0.0,94.35542497265473,0.0,0.0,100000.0,100000.0
1777779166.13591,^NSEI,HOLD,0.0,94.35060129370207,0.0,0.0,100000.0,100000.0
1777779167.136273,^NSEI,HOLD,0.0,94.35294697175345,0.0,0.0,100000.0,100000.0
1777779168.136626,^NSEI,HOLD,0.0,94.34372939179063,0.0,0.0,100000.0,100000.0
1777779169.137068,^NSEI,HOLD,0.0,94.36777347570317,0.0,0.0,100000.0,100000.0
1777779170.137419,^NSEI,HOLD,0.0,94.4043554622679,0.0,0.0,100000.0,100000.0
1777779171.137754,^NSEI,HOLD,0.0,94.48606672016058,0.0,0.0,100000.0,100000.0
1777779172.138116,^NSEI,HOLD,0.0,94.57137265233591,0.0,0.0,100000.0,100000.0
1777779173.138458,^NSEI,HOLD,0.0,94.61757125642801,0.0,0.0,100000.0,100000.0
1777779174.138803,^NSEI,HOLD,0.0,94.6220227128138,0.0,0.0,100000.0,100000.0
1777779175.139184,^NSEI,HOLD,0.0,94.67562168145318,0.0,0.0,100000.0,100000.0
1777779176.139565,^NSEI,HOLD,0.0,94.77984314246783,0.0,0.0,100000.0,100000.0
1777779177.139913,^NSEI,HOLD,0.0,94.87595317818369,0.0,0.0,100000.0,100000.0
1777779178.140272,^NSEI,HOLD,0.0,94.95800765732355,0.0,0.0,100000.0,100000.0
1777779179.140598,^NSEI,HOLD,0.0,95.08247366966657,0.0,0.0,100000.0,100000.0
1777779180.140931,^NSEI,HOLD,0.0,95.16958190644092,0.0,0.0,100000.0,100000.0
1777779181.14155,^NSEI,HOLD,0.0,95.22732802488854,0.0,0.0,100000.0,100000.0
1777779182.142093,^NSEI,HOLD,0.0,95.30330969961986,0.0,0.0,100000.0,100000.0
1777779183.142531,^NSEI,HOLD,0.0,95.36553781821812,0.0,0.0,100000.0,100000.0
1777779184.142899,^NSEI,HOLD,0.0,95.42627955566813,0.0,0.0,100000.0,100000.0
1777779185.143367,^NSEI,HOLD,0.0,95.48078542208188,0.0,0.0,100000.0,100000.0
1777779186.143706,^NSEI,HOLD,0.0,95.54441069633361,0.0,0.0,100000.0,100000.0
1777779187.144081,^NSEI,HOLD,0.0,95.64938879731311,0.0,0.0,100000.0,100000.0
1777779188.144433,^NSEI,HOLD,0.0,95.7545041049402,0.0,0.0,100000.0,100000.0
1777779189.144757,^NSEI,HOLD,0.0,95.87681260185916,0.0,0.0,100000.0,100000.0
1777779190.145092,^NSEI,HOLD,0.0,95.93232084206885,0.0,0.0,100000.0,100000.0
1777779191.145422,^NSEI,HOLD,0.0,95.98522827119105,0.0,0.0,100000.0,100000.0
1777779192.145747,^NSEI,HOLD,0.0,96.01147104622855,0.0,0.0,100000.0,100000.0
1777779193.146091,^NSEI,HOLD,0.0,96.00076520473009,0.0,0.0,100000.0,100000.0
1777779194.14643,^NSEI,HOLD,0.0,95.96483830122267,0.0,0.0,100000.0,100000.0
1777779195.146755,^NSEI,HOLD,0.0,95.92075591430172,0.0,0.0,100000.0,100000.0
1777779196.147094,^NSEI,HOLD,0.0,95.90558928302406,0.0,0.0,100000.0,100000.0
1777779197.147427,^NSEI,HOLD,0.0,95.8520878009823,0.0,0.0,100000.0,100000.0
1777779198.147757,^NSEI,HOLD,0.0,95.8017360407538,0.0,0.0,100000.0,100000.0
1777779199.148138,^NSEI,HOLD,0.0,95.73933647662712,0.0,0.0,100000.0,100000.0
1777779200.148467,^NSEI,HOLD,0.0,95.66989639014258,0.0,0.0,100000.0,100000.0
1777779201.1488,^NSEI,HOLD,0.0,95.63238634989568,0.0,0.0,100000.0,100000.0
1777779202.14917,^NSEI,HOLD,0.0,95.61245463939966,0.0,0.0,100000.0,100000.0
1777779203.149489,^NSEI,HOLD,0.0,95.63327886068348,0.0,0.0,100000.0,100000.0
1777779204.149824,^NSEI,HOLD,0.0,95.64942384298953,0.0,0.0,100000.0,100000.0
1777779205.150161,^NSEI,HOLD,0.0,95.64483598445746,0.0,0.0,100000.0,100000.0
1777779206.150487,^NSEI,HOLD,0.0,95.63433087978456,0.0,0.0,100000.0,100000.0
1777779207.150814,^NSEI,HOLD,0.0,95.63194002403338,0.0,0.0,100000.0,100000.0
1777779208.151163,^NSEI,HOLD,0.0,95.6354704614056,0.0,0.0,100000.0,100000.0
1777779209.151496,^NSEI,HOLD,0.0,95.6071696436055,0.0,0.0,100000.0,100000.0
1777779210.151887,^NSEI,HOLD,0.0,95.58300755750975,0.0,0.0,100000.0,100000.0
1777779211.152252,^NSEI,HOLD,0.0,95.56692471562228,0.0,0.0,100000.0,100000.0
1777779212.152601,^NSEI,HOLD,0.0,95.62642905549491,0.0,0.0,100000.0,100000.0
1777779213.152932,^NSEI,HOLD,0.0,95.74163514799197,0.0,0.0,100000.0,100000.0
1777779214.153317,^NSEI,HOLD,0.0,95.82749346253814,0.0,0.0,100000.0,100000.0
1777779215.153699,^NSEI,HOLD,0.0,95.90248134625331,0.0,0.0,100000.0,100000.0
1777779216.154084,^NSEI,HOLD,0.0,95.93099771306257,0.0,0.0,100000.0,100000.0
1777779217.154421,^NSEI,HOLD,0.0,95.94142734717117,0.0,0.0,100000.0,100000.0
1777779218.154751,^NSEI,HOLD,0.0,95.96158857699788,0.0,0.0,100000.0,100000.0
1777779219.155099,^NSEI,HOLD,0.0,96.01797761886263,0.0,0.0,100000.0,100000.0
1777779220.15546,^NSEI,HOLD,0.0,96.0510314655345,0.0,0.0,100000.0,100000.0
1777779221.155814,^NSEI,HOLD,0.0,96.06389393255006,0.0,0.0,100000.0,100000.0
1777779222.15621,^NSEI,HOLD,0.0,96.01248165210937,0.0,0.0,100000.0,100000.0
1777779223.156552,^NSEI,HOLD,0.0,95.95847708411848,0.0,0.0,100000.0,100000.0
1777779224.15688,^NSEI,HOLD,0.0,95.87556331571857,0.0,0.0,100000.0,100000.0
1777779225.157231,^NSEI,HOLD,0.0,95.78043646198174,0.0,0.0,100000.0,100000.0
1777779226.157623,^NSEI,HOLD,0.0,95.66351445911111,0.0,0.0,100000.0,100000.0
1777779227.158273,^NSEI,HOLD,0.0,95.54810467609639,0.0,0.0,100000.0,100000.0
1777779228.158831,^NSEI,HOLD,0.0,95.38654850852893,0.0,0.0,100000.0,100000.0
1777779229.159232,^NSEI,HOLD,0.0,95.18932226338309,0.0,0.0,100000.0,100000.0
1777779230.159634,^NSEI,HOLD,0.0,95.05780885668467,0.0,0.0,100000.0,100000.0
1777779231.16004,^NSEI,HOLD,0.0,94.89450298141891,0.0,0.0,100000.0,100000.0
1777779232.160496,^NSEI,HOLD,0.0,94.70617838446465,0.0,0.0,100000.0,100000.0
1777779233.1609,^NSEI,HOLD,0.0,94.57506739969311,0.0,0.0,100000.0,100000.0
1777779234.161292,^NSEI,HOLD,0.0,94.53043028277965,0.0,0.0,100000.0,100000.0
1777779235.161625,^NSEI,HOLD,0.0,94.45379662877096,0.0,0.0,100000.0,100000.0
1777779236.161977,^NSEI,HOLD,0.0,94.36956824714689,0.0,0.0,100000.0,100000.0
1777779237.16234,^NSEI,HOLD,0.0,94.29828696141121,0.0,0.0,100000.0,100000.0
1777779238.162699,^NSEI,HOLD,0.0,94.27934447243513,0.0,0.0,100000.0,100000.0
1777779239.16305,^NSEI,HOLD,0.0,94.23279557997851,0.0,0.0,100000.0,100000.0
1777779240.163428,^NSEI,HOLD,0.0,94.18118944536172,0.0,0.0,100000.0,100000.0
1777779241.163772,^NSEI,HOLD,0.0,94.15416534774377,0.0,0.0,100000.0,100000.0
1777779242.164133,^NSEI,HOLD,0.0,94.14119123397312,0.0,0.0,100000.0,100000.0
1777779243.164487,^NSEI,HOLD,0.0,94.11822926259461,0.0,0.0,100000.0,100000.0
1777779244.164834,^NSEI,HOLD,0.0,94.09267279538838,0.0,0.0,100000.0,100000.0
1777779245.165184,^NSEI,HOLD,0.0,94.02856514763677,0.0,0.0,100000.0,100000.0
1777779246.165514,^NSEI,HOLD,0.0,93.96020296091491,0.0,0.0,100000.0,100000.0
1777779247.16584,^NSEI,HOLD,0.0,93.88692582805297,0.0,0.0,100000.0,100000.0
1777779248.16621,^NSEI,HOLD,0.0,93.82311993822775,0.0,0.0,100000.0,100000.0
1777779249.166557,^NSEI,HOLD,0.0,93.7459973215487,0.0,0.0,100000.0,100000.0
1777779250.166902,^NSEI,HOLD,0.0,93.68525111930582,0.0,0.0,100000.0,100000.0
1777779251.167263,^NSEI,HOLD,0.0,93.6559031279681,0.0,0.0,100000.0,100000.0
1777779252.167608,^NSEI,HOLD,0.0,93.63253288108812,0.0,0.0,100000.0,100000.0
1777779253.167947,^NSEI,HOLD,0.0,93.62064064433272,0.0,0.0,100000.0,100000.0
1777779254.168361,^NSEI,HOLD,0.0,93.61124196842283,0.0,0.0,100000.0,100000.0
1777779255.168755,^NSEI,HOLD,0.0,93.60271923517062,0.0,0.0,100000.0,100000.0
1777779256.169155,^NSEI,HOLD,0.0,93.57407949659436,0.0,0.0,100000.0,100000.0
1777779257.169579,^NSEI,HOLD,0.0,93.55603876595598,0.0,0.0,100000.0,100000.0
1777779258.169951,^NSEI,HOLD,0.0,93.53632243529037,0.0,0.0,100000.0,100000.0
1777779259.170383,^NSEI,HOLD,0.0,93.57834061072785,0.0,0.0,100000.0,100000.0
1777779260.170735,^NSEI,HOLD,0.0,93.66611060465127,0.0,0.0,100000.0,100000.0
1777779261.171112,^NSEI,HOLD,0.0,93.76332626574543,0.0,0.0,100000.0,100000.0
1777779262.171483,^NSEI,HOLD,0.0,93.83512957271722,0.0,0.0,100000.0,100000.0
1777779263.17182,^NSEI,HOLD,0.0,93.87203096054549,0.0,0.0,100000.0,100000.0
1777779264.172189,^NSEI,HOLD,0.0,93.94360548806193,0.0,0.0,100000.0,100000.0
1777779265.172596,^NSEI,HOLD,0.0,94.02141624353968,0.0,0.0,100000.0,100000.0
1777779266.17293,^NSEI,HOLD,0.0,94.11181914952114,0.0,0.0,100000.0,100000.0
1777779267.1733,^NSEI,HOLD,0.0,94.14737765658879,0.0,0.0,100000.0,100000.0
1777779268.173645,^NSEI,HOLD,0.0,94.20992043704229,0.0,0.0,100000.0,100000.0
1777779269.173996,^NSEI,HOLD,0.0,94.2847160689045,0.0,0.0,100000.0,100000.0
1777779270.174333,^NSEI,HOLD,0.0,94.32439166326658,0.0,0.0,100000.0,100000.0
1777779271.174687,^NSEI,HOLD,0.0,94.349401904135,0.0,0.0,100000.0,100000.0
1777779272.175348,^NSEI,HOLD,0.0,94.38203458143617,0.0,0.0,100000.0,100000.0
1777779273.17589,^NSEI,HOLD,0.0,94.41580335450237,0.0,0.0,100000.0,100000.0
1777779274.176337,^NSEI,HOLD,0.0,94.44043325090989,0.0,0.0,100000.0,100000.0
1777779275.176758,^NSEI,HOLD,0.0,94.46182233676133,0.0,0.0,100000.0,100000.0
1777779276.177182,^NSEI,HOLD,0.0,94.47567677474451,0.0,0.0,100000.0,100000.0
1777779277.177566,^NSEI,HOLD,0.0,94.49419771111013,0.0,0.0,100000.0,100000.0
1777779278.177921,^NSEI,HOLD,0.0,94.55627897530614,0.0,0.0,100000.0,100000.0
1777779279.178289,^NSEI,HOLD,0.0,94.53994210855383,0.0,0.0,100000.0,100000.0
1777779280.178633,^NSEI,HOLD,0.0,94.51776678445968,0.0,0.0,100000.0,100000.0
1777779281.178976,^NSEI,HOLD,0.0,94.50202093723499,0.0,0.0,100000.0,100000.0
1777779282.179337,^NSEI,HOLD,0.0,94.4960120855532,0.0,0.0,100000.0,100000.0
1777779283.17968,^NSEI,HOLD,0.0,94.47985971166183,0.0,0.0,100000.0,100000.0
1777779284.180028,^NSEI,HOLD,0.0,94.41340753247498,0.0,0.0,100000.0,100000.0
1777779285.180389,^NSEI,HOLD,0.0,94.35902656361847,0.0,0.0,100000.0,100000.0
1777779286.18073,^NSEI,HOLD,0.0,94.35673885967036,0.0,0.0,100000.0,100000.0
1777779287.18109,^NSEI,HOLD,0.0,94.310093557019,0.0,0.0,100000.0,100000.0
1777779288.181439,^NSEI,HOLD,0.0,94.29044608211252,0.0,0.0,100000.0,100000.0
1777779289.181772,^NSEI,HOLD,0.0,94.26241382851401,0.0,0.0,100000.0,100000.0
1777779290.182145,^NSEI,HOLD,0.0,94.23405286123764,0.0,0.0,100000.0,100000.0
1777779291.182494,^NSEI,HOLD,0.0,94.17656154277623,0.0,0.0,100000.0,100000.0
1777779292.182831,^NSEI,HOLD,0.0,94.11181690431675,0.0,0.0,100000.0,100000.0
1777779293.183207,^NSEI,HOLD,0.0,94.08692879408888,0.0,0.0,100000.0,100000.0
1777779294.183553,^NSEI,HOLD,0.0,94.08031952067101,0.0,0.0,100000.0,100000.0
1777779295.183894,^NSEI,HOLD,0.0,94.12511867686993,0.0,0.0,100000.0,100000.0
1777779296.18428,^NSEI,HOLD,0.0,94.20412497344411,0.0,0.0,100000.0,100000.0
1777779297.184718,^NSEI,HOLD,0.0,94.29448512385771,0.0,0.0,100000.0,100000.0
1777779298.185109,^NSEI,HOLD,0.0,94.4353498098988,0.0,0.0,100000.0,100000.0
1777779299.185465,^NSEI,HOLD,0.0,94.58594820964608,0.0,0.0,100000.0,100000.0
1777779300.185807,^NSEI,HOLD,0.0,94.75806233391243,0.0,0.0,100000.0,100000.0
1777779301.18621,^NSEI,HOLD,0.0,94.91620042362445,0.0,0.0,100000.0,100000.0
1777779302.186563,^NSEI,HOLD,0.0,95.07210572992568,0.0,0.0,100000.0,100000.0
1777779303.186913,^NSEI,HOLD,0.0,95.2020880556199,0.0,0.0,100000.0,100000.0
1777779304.187263,^NSEI,HOLD,0.0,95.35921319011015,0.0,0.0,100000.0,100000.0
1777779305.187601,^NSEI,HOLD,0.0,95.47530319251202,0.0,0.0,100000.0,100000.0
1777779306.187932,^NSEI,HOLD,0.0,95.61252666800692,0.0,0.0,100000.0,100000.0
1777779307.188288,^NSEI,HOLD,0.0,95.74017318618354,0.0,0.0,100000.0,100000.0
1777779308.188633,^NSEI,HOLD,0.0,95.90081983825787,0.0,0.0,100000.0,100000.0
1777779309.188988,^NSEI,HOLD,0.0,96.08067696130563,0.0,0.0,100000.0,100000.0
1777779310.189364,^NSEI,HOLD,0.0,96.31319099284677,0.0,0.0,100000.0,100000.0
1777779311.189745,^NSEI,HOLD,0.0,96.56266652720556,0.0,0.0,100000.0,100000.0
1777779312.190105,^NSEI,HOLD,0.0,96.75397590164505,0.0,0.0,100000.0,100000.0
1777779313.190495,^NSEI,HOLD,0.0,96.93782935301773,0.0,0.0,100000.0,100000.0
1777779314.190837,^NSEI,HOLD,0.0,97.07914779312316,0.0,0.0,100000.0,100000.0
1777779315.191238,^NSEI,HOLD,0.0,97.20032840654953,0.0,0.0,100000.0,100000.0
1777779316.191916,^NSEI,HOLD,0.0,97.36586260823363,0.0,0.0,100000.0,100000.0
1777779317.192478,^NSEI,HOLD,0.0,97.54722658653384,0.0,0.0,100000.0,100000.0
1777779318.192875,^NSEI,HOLD,0.0,97.70113774769591,0.0,0.0,100000.0,100000.0
1777779319.193352,^NSEI,HOLD,0.0,97.8185562160044,0.0,0.0,100000.0,100000.0
1777779320.1938,^NSEI,HOLD,0.0,97.93398697248327,0.0,0.0,100000.0,100000.0
1777779321.194184,^NSEI,HOLD,0.0,98.0080110236502,0.0,0.0,100000.0,100000.0
1777779322.194533,^NSEI,HOLD,0.0,98.05939981746712,0.0,0.0,100000.0,100000.0
1777779323.194869,^NSEI,HOLD,0.0,98.11948817130701,0.0,0.0,100000.0,100000.0
1777779324.195262,^NSEI,HOLD,0.0,98.21428607460265,0.0,0.0,100000.0,100000.0
1777779325.195596,^NSEI,HOLD,0.0,98.32593252962633,0.0,0.0,100000.0,100000.0
1777779326.195949,^NSEI,HOLD,0.0,98.36213262861574,0.0,0.0,100000.0,100000.0
1777779327.196355,^NSEI,HOLD,0.0,98.40725081153641,0.0,0.0,100000.0,100000.0
1777779328.196744,^NSEI,HOLD,0.0,98.45382392092753,0.0,0.0,100000.0,100000.0
1777779329.197106,^NSEI,HOLD,0.0,98.5124399132721,0.0,0.0,100000.0,100000.0
1777779330.197494,^NSEI,HOLD,0.0,98.6203328525004,0.0,0.0,100000.0,100000.0
1777779331.197836,^NSEI,HOLD,0.0,98.66000968117831,0.0,0.0,100000.0,100000.0
1777779332.198205,^NSEI,HOLD,0.0,98.68069358020905,0.0,0.0,100000.0,100000.0
1777779333.198568,^NSEI,HOLD,0.0,98.71962072598029,0.0,0.0,100000.0,100000.0
1777779334.198928,^NSEI,HOLD,0.0,98.70876226644862,0.0,0.0,100000.0,100000.0
1777779335.199315,^NSEI,HOLD,0.0,98.74404716334905,0.0,0.0,100000.0,100000.0
1777779336.199673,^NSEI,HOLD,0.0,98.79030297085235,0.0,0.0,100000.0,100000.0
1777779337.200017,^NSEI,HOLD,0.0,98.86215497707249,0.0,0.0,100000.0,100000.0
1777779338.200408,^NSEI,HOLD,0.0,98.91443297895171,0.0,0.0,100000.0,100000.0
1777779339.200755,^NSEI,HOLD,0.0,98.99117665185418,0.0,0.0,100000.0,100000.0
1777779340.201108,^NSEI,HOLD,0.0,99.09987964148026,0.0,0.0,100000.0,100000.0
1777779341.201447,^NSEI,HOLD,0.0,99.21326580704007,0.0,0.0,100000.0,100000.0
1777779342.201778,^NSEI,HOLD,0.0,99.33125847770134,0.0,0.0,100000.0,100000.0
1777779343.202197,^NSEI,HOLD,0.0,99.45488734098687,0.0,0.0,100000.0,100000.0
1777779344.202612,^NSEI,HOLD,0.0,99.54755039279546,0.0,0.0,100000.0,100000.0
1777779345.202985,^NSEI,HOLD,0.0,99.63326306274101,0.0,0.0,100000.0,100000.0
1777779346.20338,^NSEI,HOLD,0.0,99.71208785954988,0.0,0.0,100000.0,100000.0
1777779347.203762,^NSEI,HOLD,0.0,99.80128735552066,0.0,0.0,100000.0,100000.0
1777779348.204149,^NSEI,HOLD,0.0,99.92027243996104,0.0,0.0,100000.0,100000.0
1777779349.204512,^NSEI,HOLD,0.0,100.00205620977528,0.0,0.0,100000.0,100000.0
1777779350.204859,^NSEI,HOLD,0.0,100.07794245630231,0.0,0.0,100000.0,100000.0
1777779351.205209,^NSEI,HOLD,0.0,100.19934237166733,0.0,0.0,100000.0,100000.0
1777779352.205563,^NSEI,HOLD,0.0,100.29354457945806,0.0,0.0,100000.0,100000.0
1777779353.205974,^NSEI,HOLD,0.0,100.35903764574375,0.0,0.0,100000.0,100000.0
1777779354.206347,^NSEI,HOLD,0.0,100.42957769916569,0.0,0.0,100000.0,100000.0
1777779355.206729,^NSEI,HOLD,0.0,100.52553389379051,0.0,0.0,100000.0,100000.0
1777779356.207074,^NSEI,HOLD,0.0,100.61951583358476,0.0,0.0,100000.0,100000.0
1777779357.207472,^NSEI,HOLD,0.0,100.75404959833853,0.0,0.0,100000.0,100000.0
1777779358.20798,^NSEI,HOLD,0.0,100.91303615642647,0.0,0.0,100000.0,100000.0
1777779359.208684,^NSEI,HOLD,0.0,101.09547207950882,0.0,0.0,100000.0,100000.0
1777779360.209148,^NSEI,HOLD,0.0,101.29131029555153,0.0,0.0,100000.0,100000.0
1777779361.20957,^NSEI,HOLD,0.0,101.55952558636433,0.0,0.0,100000.0,100000.0
1777779362.20995,^NSEI,HOLD,0.0,101.81305767835772,0.0,0.0,100000.0,100000.0
1777779363.21037,^NSEI,HOLD,0.0,101.99096585890952,0.0,0.0,100000.0,100000.0
1777779364.210756,^NSEI,HOLD,0.0,102.21770038748018,0.0,0.0,100000.0,100000.0
1777779365.211177,^NSEI,HOLD,0.0,102.4224895921681,0.0,0.0,100000.0,100000.0
1777779366.211521,^NSEI,HOLD,0.0,102.62523503960642,0.0,0.0,100000.0,100000.0
1777779367.21188,^NSEI,HOLD,0.0,102.86675238877827,0.0,0.0,100000.0,100000.0
1777779368.212251,^NSEI,HOLD,0.0,103.04638715418821,0.0,0.0,100000.0,100000.0
1777779369.212591,^NSEI,HOLD,0.0,103.17878182986395,0.0,0.0,100000.0,100000.0
1777779370.212926,^NSEI,HOLD,0.0,103.25424252231477,0.0,0.0,100000.0,100000.0
1777779371.213324,^NSEI,HOLD,0.0,103.30190790117399,0.0,0.0,100000.0,100000.0
1777779372.213685,^NSEI,HOLD,0.0,103.36308126835239,0.0,0.0,100000.0,100000.0
1777779373.214115,^NSEI,HOLD,0.0,103.44018149750885,0.0,0.0,100000.0,100000.0
1777779374.214475,^NSEI,HOLD,0.0,103.52464246783828,0.0,0.0,100000.0,100000.0
1777779375.214818,^NSEI,HOLD,0.0,103.5604544583616,0.0,0.0,100000.0,100000.0
1777779376.215216,^NSEI,HOLD,0.0,103.5205356915799,0.0,0.0,100000.0,100000.0
1777779377.215547,^NSEI,HOLD,0.0,103.48422657091075,0.0,0.0,100000.0,100000.0
1777779378.215887,^NSEI,HOLD,0.0,103.43465429140245,0.0,0.0,100000.0,100000.0
1777779379.216258,^NSEI,HOLD,0.0,103.4018290096826,0.0,0.0,100000.0,100000.0
1777779380.216639,^NSEI,HOLD,0.0,103.39303238072858,0.0,0.0,100000.0,100000.0
1777779381.217022,^NSEI,HOLD,0.0,103.38958873874213,0.0,0.0,100000.0,100000.0
1777779382.217364,^NSEI,HOLD,0.0,103.41133234212472,0.0,0.0,100000.0,100000.0
1777779383.217702,^NSEI,HOLD,0.0,103.44047339571485,0.0,0.0,100000.0,100000.0
1777779384.218074,^NSEI,HOLD,0.0,103.4865734720128,0.0,0.0,100000.0,100000.0
1777779385.218477,^NSEI,HOLD,0.0,103.50887810829907,0.0,0.0,100000.0,100000.0
1777779386.218859,^NSEI,HOLD,0.0,103.5253114729207,0.0,0.0,100000.0,100000.0
1777779387.21929,^NSEI,HOLD,0.0,103.54825323774955,0.0,0.0,100000.0,100000.0
1777779388.219657,^NSEI,HOLD,0.0,103.59775895857874,0.0,0.0,100000.0,100000.0
1777779389.220027,^NSEI,HOLD,0.0,103.63349258434833,0.0,0.0,100000.0,100000.0
1777779390.22041,^NSEI,HOLD,0.0,103.6857581186296,0.0,0.0,100000.0,100000.0
1777779391.220767,^NSEI,HOLD,0.0,103.72833811074179,0.0,0.0,100000.0,100000.0
1777779392.221122,^NSEI,HOLD,0.0,103.76640311906296,0.0,0.0,100000.0,100000.0
1777779393.22149,^NSEI,HOLD,0.0,103.83103528194013,0.0,0.0,100000.0,100000.0
1777779394.221828,^NSEI,HOLD,0.0,103.82865237621687,0.0,0.0,100000.0,100000.0
1777779395.222181,^NSEI,HOLD,0.0,103.78511948860938,0.0,0.0,100000.0,100000.0
1777779396.222533,^NSEI,HOLD,0.0,103.69632258359357,0.0,0.0,100000.0,100000.0
1777779397.22289,^NSEI,HOLD,0.0,103.53760288761517,0.0,0.0,100000.0,100000.0
1777779398.223251,^NSEI,HOLD,0.0,103.36362143056536,0.0,0.0,100000.0,100000.0
1777779399.223607,^NSEI,HOLD,0.0,103.21851399004034,0.0,0.0,100000.0,100000.0
1777779400.223954,^NSEI,HOLD,0.0,103.06978533167394,0.0,0.0,100000.0,100000.0
1777779401.224534,^NSEI,HOLD,0.0,102.93235947267121,0.0,0.0,100000.0,100000.0
1777779402.225109,^NSEI,HOLD,0.0,102.83327307582138,0.0,0.0,100000.0,100000.0
1777779403.225547,^NSEI,HOLD,0.0,102.77911469934533,0.0,0.0,100000.0,100000.0
1777779404.225972,^NSEI,HOLD,0.0,102.72509587010579,0.0,0.0,100000.0,100000.0
1777779405.22643,^NSEI,HOLD,0.0,102.71595992838886,0.0,0.0,100000.0,100000.0
1777779406.226849,^NSEI,HOLD,0.0,102.71068336051862,0.0,0.0,100000.0,100000.0
1777779407.227251,^NSEI,HOLD,0.0,102.67948021248714,0.0,0.0,100000.0,100000.0
1777779408.227585,^NSEI,HOLD,0.0,102.63106369455683,0.0,0.0,100000.0,100000.0
1777779409.227915,^NSEI,HOLD,0.0,102.5381815029628,0.0,0.0,100000.0,100000.0
1777779410.228274,^NSEI,HOLD,0.0,102.42126363413207,0.0,0.0,100000.0,100000.0
1777779411.228627,^NSEI,HOLD,0.0,102.29759183307698,0.0,0.0,100000.0,100000.0
1777779412.228982,^NSEI,HOLD,0.0,102.20300719935904,0.0,0.0,100000.0,100000.0
1777779413.229385,^NSEI,HOLD,0.0,102.16514958427392,0.0,0.0,100000.0,100000.0
1777779414.229781,^NSEI,HOLD,0.0,102.08565170653019,0.0,0.0,100000.0,100000.0
1777779415.230538,^NSEI,HOLD,0.0,102.02142833848103,0.0,0.0,100000.0,100000.0
1777779416.231004,^NSEI,HOLD,0.0,101.92743073449037,0.0,0.0,100000.0,100000.0
1777779417.231493,^NSEI,HOLD,0.0,101.85160353301066,0.0,0.0,100000.0,100000.0
1777779418.231969,^NSEI,HOLD,0.0,101.77469640809421,0.0,0.0,100000.0,100000.0
1777779419.232438,^NSEI,HOLD,0.0,101.64416458676838,0.0,0.0,100000.0,100000.0
1777779420.232843,^NSEI,HOLD,0.0,101.54649919236954,0.0,0.0,100000.0,100000.0
1777779421.233281,^NSEI,HOLD,0.0,101.43393659819743,0.0,0.0,100000.0,100000.0
1777779422.233634,^NSEI,HOLD,0.0,101.3092127567658,0.0,0.0,100000.0,100000.0
1777779423.233982,^NSEI,HOLD,0.0,101.15653654913737,0.0,0.0,100000.0,100000.0
1777779424.234343,^NSEI,HOLD,0.0,100.98957940832223,0.0,0.0,100000.0,100000.0
1777779425.23475,^NSEI,HOLD,0.0,100.84117391357879,0.0,0.0,100000.0,100000.0
1777779426.235131,^NSEI,HOLD,0.0,100.69231881034598,0.0,0.0,100000.0,100000.0
1777779427.235496,^NSEI,HOLD,0.0,100.55852207629272,0.0,0.0,100000.0,100000.0
1777779428.23584,^NSEI,HOLD,0.0,100.44034927881343,0.0,0.0,100000.0,100000.0
1777779429.236272,^NSEI,HOLD,0.0,100.3662340024853,0.0,0.0,100000.0,100000.0
1777779430.236659,^NSEI,HOLD,0.0,100.2845734059205,0.0,0.0,100000.0,100000.0
1777779431.237057,^NSEI,HOLD,0.0,100.16113101973109,0.0,0.0,100000.0,100000.0
1777779432.237392,^NSEI,HOLD,0.0,100.07412688013211,0.0,0.0,100000.0,100000.0
1777779433.237726,^NSEI,HOLD,0.0,99.98039067181553,0.0,0.0,100000.0,100000.0
1777779434.238071,^NSEI,HOLD,0.0,99.92385097167245,0.0,0.0,100000.0,100000.0
1777779435.238413,^NSEI,HOLD,0.0,99.88139644731284,0.0,0.0,100000.0,100000.0
1777779436.238758,^NSEI,HOLD,0.0,99.83685386279915,0.0,0.0,100000.0,100000.0
1777779437.239119,^NSEI,HOLD,0.0,99.80499865407775,0.0,0.0,100000.0,100000.0
1777779438.239507,^NSEI,HOLD,0.0,99.8347582057884,0.0,0.0,100000.0,100000.0
1777779439.23987,^NSEI,HOLD,0.0,99.92936035550453,0.0,0.0,100000.0,100000.0
1777779440.240273,^NSEI,HOLD,0.0,100.02387995132682,0.0,0.0,100000.0,100000.0
1777779441.240625,^NSEI,HOLD,0.0,100.1212325585124,0.0,0.0,100000.0,100000.0
1777779442.240975,^NSEI,HOLD,0.0,100.25075263475836,0.0,0.0,100000.0,100000.0
1777779443.241339,^NSEI,HOLD,0.0,100.34944049356429,0.0,0.0,100000.0,100000.0
1777779444.241715,^NSEI,HOLD,0.0,100.45642244311082,0.0,0.0,100000.0,100000.0
1777779445.242144,^NSEI,HOLD,0.0,100.55988499331626,0.0,0.0,100000.0,100000.0
1777779446.242551,^NSEI,HOLD,0.0,100.670913471298,0.0,0.0,100000.0,100000.0
1777779447.242936,^NSEI,HOLD,0.0,100.75212366540002,0.0,0.0,100000.0,100000.0
1777779448.243387,^NSEI,HOLD,0.0,100.78034812249925,0.0,0.0,100000.0,100000.0
1777779449.243785,^NSEI,HOLD,0.0,100.74273131464388,0.0,0.0,100000.0,100000.0
1777779450.244177,^NSEI,HOLD,0.0,100.67227366659704,0.0,0.0,100000.0,100000.0
1777779451.244546,^NSEI,HOLD,0.0,100.59056227172125,0.0,0.0,100000.0,100000.0
1777779452.244882,^NSEI,HOLD,0.0,100.50305678622657,0.0,0.0,100000.0,100000.0
1777779453.245262,^NSEI,HOLD,0.0,100.47784436358393,0.0,0.0,100000.0,100000.0
1777779454.245652,^NSEI,HOLD,0.0,100.4883576355051,0.0,0.0,100000.0,100000.0
1777779455.246062,^NSEI,HOLD,0.0,100.46898027988678,0.0,0.0,100000.0,100000.0
1777779456.246414,^NSEI,HOLD,0.0,100.46163628249273,0.0,0.0,100000.0,100000.0
1777779457.24676,^NSEI,HOLD,0.0,100.44244432229705,0.0,0.0,100000.0,100000.0
1777779458.247125,^NSEI,HOLD,0.0,100.41563371301292,0.0,0.0,100000.0,100000.0
1777779459.2475,^NSEI,HOLD,0.0,100.396021974263,0.0,0.0,100000.0,100000.0
1777779460.247854,^NSEI,HOLD,0.0,100.39687333009653,0.0,0.0,100000.0,100000.0
1777779461.248227,^NSEI,HOLD,0.0,100.38771864103435,0.0,0.0,100000.0,100000.0
1777779462.248594,^NSEI,HOLD,0.0,100.41262032959185,0.0,0.0,100000.0,100000.0
1777779463.248941,^NSEI,HOLD,0.0,100.40140986098348,0.0,0.0,100000.0,100000.0
1777779464.249306,^NSEI,HOLD,0.0,100.39136861658804,0.0,0.0,100000.0,100000.0
1777779465.249648,^NSEI,HOLD,0.0,100.46318376473194,0.0,0.0,100000.0,100000.0
1777779466.250006,^NSEI,HOLD,0.0,100.54053399964226,0.0,0.0,100000.0,100000.0
1777779467.250367,^NSEI,HOLD,0.0,100.66204396967518,0.0,0.0,100000.0,100000.0
1777779468.250711,^NSEI,HOLD,0.0,100.78339726162898,0.0,0.0,100000.0,100000.0
1777779469.251052,^NSEI,HOLD,0.0,100.92052631498407,0.0,0.0,100000.0,100000.0
1777779470.251408,^NSEI,HOLD,0.0,101.05218263901963,0.0,0.0,100000.0,100000.0
1777779471.251772,^NSEI,HOLD,0.0,101.1748181189239,0.0,0.0,100000.0,100000.0
1777779472.252174,^NSEI,HOLD,0.0,101.26881602156558,0.0,0.0,100000.0,100000.0
1777779473.252546,^NSEI,HOLD,0.0,101.37449242654485,0.0,0.0,100000.0,100000.0
1777779474.252898,^NSEI,HOLD,0.0,101.44978929109833,0.0,0.0,100000.0,100000.0
1777779475.253267,^NSEI,HOLD,0.0,101.54489197776248,0.0,0.0,100000.0,100000.0
1777779476.253648,^NSEI,HOLD,0.0,101.67298834082894,0.0,0.0,100000.0,100000.0
1777779477.254087,^NSEI,HOLD,0.0,101.80980994724258,0.0,0.0,100000.0,100000.0
1777779478.254442,^NSEI,HOLD,0.0,101.93358235843088,0.0,0.0,100000.0,100000.0
1777779479.254778,^NSEI,HOLD,0.0,102.06910877738692,0.0,0.0,100000.0,100000.0
1777779480.255116,^NSEI,HOLD,0.0,102.19086628488002,0.0,0.0,100000.0,100000.0
1777779481.25546,^NSEI,HOLD,0.0,102.3403558025809,0.0,0.0,100000.0,100000.0
1777779482.25584,^NSEI,HOLD,0.0,102.4248659123187,0.0,0.0,100000.0,100000.0
1777779483.256284,^NSEI,HOLD,0.0,102.4964250410809,0.0,0.0,100000.0,100000.0
1777779484.256622,^NSEI,HOLD,0.0,102.50151400871965,0.0,0.0,100000.0,100000.0
1777779485.256966,^NSEI,HOLD,0.0,102.45930948497863,0.0,0.0,100000.0,100000.0
